_path,ts,ts_delta,peer,gaps,acks,percent_lost,mem,pkts_proc,bytes_recv,pkts_dropped,pkts_link,pkt_lag,events_proc,events_queued,active_tcp_conns,active_udp_conns,active_icmp_conns,tcp_conns,udp_conns,icmp_conns,timers,active_timers,files,active_files,dns_requests,active_dns_requests,reassem_tcp_size,reassem_file_size,reassem_frag_size,reassem_unknown_size,uid,id.orig_h,id.orig_p,id.resp_h,id.resp_p,trans_depth,method,host,uri,referrer,version,user_agent,origin,request_body_len,response_body_len,status_code,status_msg,info_code,info_msg,tags,username,password,proxied,orig_fuids,orig_filenames,orig_mime_types,resp_fuids,resp_filenames,resp_mime_types,proto,service,duration,orig_bytes,resp_bytes,conn_state,local_orig,local_resp,missed_bytes,history,orig_pkts,orig_ip_bytes,resp_pkts,resp_ip_bytes,tunnel_parents,geo.orig.country_code,geo.orig.region,geo.orig.city,geo.orig.latitude,geo.orig.longitude,geo.resp.country_code,geo.resp.region,geo.resp.city,geo.resp.latitude,geo.resp.longitude,community_id,trans_id,rtt,query,qclass,qclass_name,qtype,qtype_name,rcode,rcode_name,AA,TC,RD,RA,Z,answers,TTLs,rejected,mode,stratum,poll,precision,root_delay,root_disp,ref_id,ref_time,org_time,rec_time,xmt_time,num_exts,event_type,src_ip,src_port,dest_ip,dest_port,vlan,app_proto,alert.severity,alert.signature,alert.category,alert.action,alert.signature_id,alert.gid,alert.rev,alert.metadata.signature_severity,alert.metadata.former_category,alert.metadata.attack_target,alert.metadata.deployment,alert.metadata.affected_product,alert.metadata.created_at,alert.metadata.performance_impact,alert.metadata.updated_at,alert.metadata.malware_family,alert.metadata.tag,flow_id,pcap_cnt,tx_id,icmp_code,icmp_type,tunnel.src_ip,tunnel.src_port,tunnel.dest_ip,tunnel.dest_port,tunnel.proto,tunnel.depth,fuid,tx_hosts,rx_hosts,conn_uids,source,depth,analyzers,mime_type,filename,is_orig,seen_bytes,total_bytes,missing_bytes,overflow_bytes,timedout,parent_fuid,md5,sha1,sha256,extracted,extracted_cutoff,extracted_size,cipher,curve,server_name,resumed,last_alert,next_protocol,established,cert_chain_fuids,client_cert_chain_fuids,subject,issuer,client_subject,client_issuer,validation_status,ja3,ja3s
capture_loss,2023-11-25T08:33:32.388671Z,5m40.951233s,zeek,0,124,0,,,,,,,,,,,,,,,,,,,,,,,,,,,,,,,,,,,,,,,,,,,,,,,,,,,,,,,,,,,,,,,,,,,,,,,,,,,,,,,,,,,,,,,,,,,,,,,,,,,,,,,,,,,,,,,,,,,,,,,,,,,,,,,,,,,,,,,,,,,,,,,,,,,,,,,,,,,,,,,,,,,,,,,,,,,,,,,,,,,,,
stats,2023-11-25T08:33:32.388671Z,,zeek,,,,0,11,1081,,,,52,42,1,0,1,1,0,0,7,0,0,0,0,0,0,0,0,0,,,,,,,,,,,,,,,,,,,,,,,,,,,,,,,,,,,,,,,,,,,,,,,,,,,,,,,,,,,,,,,,,,,,,,,,,,,,,,,,,,,,,,,,,,,,,,,,,,,,,,,,,,,,,,,,,,,,,,,,,,,,,,,,,,,,,,,,,,,,,,,,,,,,,,,,,,,,,
http,2023-11-25T08:33:32.185161Z,,,,,,,,,,,,,,,,,,,,,,,,,,,,,,CZrVgP1dxRxwcpqXi5,192.168.169.130,36916,185.125.190.49,80,1,GET,connectivity-check.ubuntu.com,/,,1.1,,,0,0,204,No Content,,,|[]|,,,,,,,,,,,,,,,,,,,,,,,,,,,,,,,,,,,,,,,,,,,,,,,,,,,,,,,,,,,,,,,,,,,,,,,,,,,,,,,,,,,,,,,,,,,,,,,,,,,,,,,,,,,,,,,,,,,,,,,,,,,,,,,,,,,,,,,,,
conn,2023-11-25T08:33:31.996848Z,,,,,,,,,,,,,,,,,,,,,,,,,,,,,,CZrVgP1dxRxwcpqXi5,192.168.169.130,36916,185.125.190.49,80,,,,,,,,,,,,,,,,,,,,,,,,,tcp,http,391.128ms,87,189,SF,,,0,ShADafF,4,267,4,353,,,,,,,GB,,,51.4964,-0.1224,1:vUJDjDfuhKyj8aeZ2VjsgN/O2TQ=,,,,,,,,,,,,,,,,,,,,,,,,,,,,,,,,,,,,,,,,,,,,,,,,,,,,,,,,,,,,,,,,,,,,,,,,,,,,,,,,,,,,,,,,,,,,,,,,,,,,,,
stats,2023-11-25T08:33:31.98287Z,,zeek,,,,0,579,463435,,,,909,918,0,1,1,72,42,2,1020,41,1,0,0,0,0,0,0,0,,,,,,,,,,,,,,,,,,,,,,,,,,,,,,,,,,,,,,,,,,,,,,,,,,,,,,,,,,,,,,,,,,,,,,,,,,,,,,,,,,,,,,,,,,,,,,,,,,,,,,,,,,,,,,,,,,,,,,,,,,,,,,,,,,,,,,,,,,,,,,,,,,,,,,,,,,,,,
conn,2023-11-25T08:33:31.98287Z,,,,,,,,,,,,,,,,,,,,,,,,,,,,,,CvA7X74ZVh6KVmhbKc,192.168.169.130,33853,192.168.169.2,53,,,,,,,,,,,,,,,,,,,,,,,,,udp,dns,9.446ms,47,191,SF,,,0,Dd,1,75,1,219,,,,,,,,,,,,1:TAGjdzsKGkN14kEtI1NrrnMxvqA=,,,,,,,,,,,,,,,,,,,,,,,,,,,,,,,,,,,,,,,,,,,,,,,,,,,,,,,,,,,,,,,,,,,,,,,,,,,,,,,,,,,,,,,,,,,,,,,,,,,,,,
dns,2023-11-25T08:33:31.98287Z,,,,,,,,,,,,,,,,,,,,,,,,,,,,,,CvA7X74ZVh6KVmhbKc,192.168.169.130,33853,192.168.169.2,53,,,,,,,,,,,,,,,,,,,,,,,,,udp,,,,,,,,,,,,,,,,,,,,,,,,,,24426,9.446ms,connectivity-check.ubuntu.com,1,C_INTERNET,1,A,0,NOERROR,false,false,true,true,0,"[""185.125.190.49"",""35.224.170.84"",""34.122.121.32"",""185.125.190.48"",""91.189.91.48"",""185.125.190.17"",""185.125.190.18"",""91.189.91.49"",""35.232.111.17""]","[5s,5s,5s,5s,5s,5s,5s,5s,5s]",false,,,,,,,,,,,,,,,,,,,,,,,,,,,,,,,,,,,,,,,,,,,,,,,,,,,,,,,,,,,,,,,,,,,,,,,,,,,,,,,,,,,,,
conn,2023-11-25T08:32:33.23906Z,,,,,,,,,,,,,,,,,,,,,,,,,,,,,,CXdL1FwZmh3PVgOV7,fe80::f4a5:6fee:9e5:18f2,133,ff02::2,134,,,,,,,,,,,,,,,,,,,,,,,,,icmp,,,,,OTH,,,0,,1,48,0,0,,,,,,,,,,,,1:pHn9BY8IyNlt+h+YLASPubRz/sQ=,,,,,,,,,,,,,,,,,,,,,,,,,,,,,,,,,,,,,,,,,,,,,,,,,,,,,,,,,,,,,,,,,,,,,,,,,,,,,,,,,,,,,,,,,,,,,,,,,,,,,,
conn,2023-11-25T08:32:10.719136Z,,,,,,,,,,,,,,,,,,,,,,,,,,,,,,CV9TgreXN5Ec6ubb4,192.168.169.1,64707,239.255.255.250,3702,,,,,,,,,,,,,,,,,,,,,,,,,udp,,16.182441s,9184,0,S0,,,0,D,14,9576,0,0,,,,,,,,,,,,1:vuDBEDhBoZDuxNCAP4RT+wF6QnE=,,,,,,,,,,,,,,,,,,,,,,,,,,,,,,,,,,,,,,,,,,,,,,,,,,,,,,,,,,,,,,,,,,,,,,,,,,,,,,,,,,,,,,,,,,,,,,,,,,,,,,
conn,2023-11-25T08:32:10.717242Z,,,,,,,,,,,,,,,,,,,,,,,,,,,,,,CXC6cC1T5FPli7kNs8,fe80::8615:1c35:aa8:3f74,64708,ff02::c,3702,,,,,,,,,,,,,,,,,,,,,,,,,udp,,17.070711s,9184,0,S0,,,0,D,14,9856,0,0,,,,,,,,,,,,1:9U+P7NOLnqPqSg8CoDxE356/xUU=,,,,,,,,,,,,,,,,,,,,,,,,,,,,,,,,,,,,,,,,,,,,,,,,,,,,,,,,,,,,,,,,,,,,,,,,,,,,,,,,,,,,,,,,,,,,,,,,,,,,,,
conn,2023-11-25T08:32:02.861927Z,,,,,,,,,,,,,,,,,,,,,,,,,,,,,,CLjoSsJYj43gXbNKg,192.168.169.130,5353,224.0.0.251,5353,,,,,,,,,,,,,,,,,,,,,,,,,udp,dns,,,,S0,,,0,D,1,73,0,0,,,,,,,,,,,,1:Z006pHwOOd7l48qZ60ybrqgkMZM=,,,,,,,,,,,,,,,,,,,,,,,,,,,,,,,,,,,,,,,,,,,,,,,,,,,,,,,,,,,,,,,,,,,,,,,,,,,,,,,,,,,,,,,,,,,,,,,,,,,,,,
dns,2023-11-25T08:32:02.861927Z,,,,,,,,,,,,,,,,,,,,,,,,,,,,,,CLjoSsJYj43gXbNKg,192.168.169.130,5353,224.0.0.251,5353,,,,,,,,,,,,,,,,,,,,,,,,,udp,,,,,,,,,,,,,,,,,,,,,,,,,,0,,_ipps._tcp.local,1,C_INTERNET,12,PTR,,,false,false,false,false,0,,,false,,,,,,,,,,,,,,,,,,,,,,,,,,,,,,,,,,,,,,,,,,,,,,,,,,,,,,,,,,,,,,,,,,,,,,,,,,,,,,,,,,,,,
conn,2023-11-25T08:32:02.860662Z,,,,,,,,,,,,,,,,,,,,,,,,,,,,,,Cyy3Qn3tLySlbG61C8,fe80::f4a5:6fee:9e5:18f2,5353,ff02::fb,5353,,,,,,,,,,,,,,,,,,,,,,,,,udp,dns,,,,S0,,,0,D,1,93,0,0,,,,,,,,,,,,1:fqjLCuWPnN69DLaGdlLLE50kIjI=,,,,,,,,,,,,,,,,,,,,,,,,,,,,,,,,,,,,,,,,,,,,,,,,,,,,,,,,,,,,,,,,,,,,,,,,,,,,,,,,,,,,,,,,,,,,,,,,,,,,,,
dns,2023-11-25T08:32:02.860662Z,,,,,,,,,,,,,,,,,,,,,,,,,,,,,,Cyy3Qn3tLySlbG61C8,fe80::f4a5:6fee:9e5:18f2,5353,ff02::fb,5353,,,,,,,,,,,,,,,,,,,,,,,,,udp,,,,,,,,,,,,,,,,,,,,,,,,,,0,,_ipps._tcp.local,1,C_INTERNET,12,PTR,,,false,false,false,false,0,,,false,,,,,,,,,,,,,,,,,,,,,,,,,,,,,,,,,,,,,,,,,,,,,,,,,,,,,,,,,,,,,,,,,,,,,,,,,,,,,,,,,,,,,
conn,2023-11-25T08:32:01.974653Z,,,,,,,,,,,,,,,,,,,,,,,,,,,,,,CM8B403Jn3fY7jpYPb,192.168.169.130,42508,192.168.169.2,53,,,,,,,,,,,,,,,,,,,,,,,,,udp,dns,9.68ms,47,215,SF,,,0,Dd,1,75,1,243,,,,,,,,,,,,1:ja7Y0gw7j/mg2HOb50QnCBNpDMo=,,,,,,,,,,,,,,,,,,,,,,,,,,,,,,,,,,,,,,,,,,,,,,,,,,,,,,,,,,,,,,,,,,,,,,,,,,,,,,,,,,,,,,,,,,,,,,,,,,,,,,
dns,2023-11-25T08:32:01.974653Z,,,,,,,,,,,,,,,,,,,,,,,,,,,,,,CM8B403Jn3fY7jpYPb,192.168.169.130,42508,192.168.169.2,53,,,,,,,,,,,,,,,,,,,,,,,,,udp,,,,,,,,,,,,,,,,,,,,,,,,,,64728,9.68ms,connectivity-check.ubuntu.com,1,C_INTERNET,28,AAAA,0,NOERROR,false,false,true,true,0,"[""2001:67c:1562::24"",""2620:2d:4000:1::23"",""2620:2d:4000:1::2a"",""2620:2d:4000:1::2b"",""2001:67c:1562::23"",""2620:2d:4000:1::22""]","[5s,5s,5s,5s,5s,5s]",false,,,,,,,,,,,,,,,,,,,,,,,,,,,,,,,,,,,,,,,,,,,,,,,,,,,,,,,,,,,,,,,,,,,,,,,,,,,,,,,,,,,,,
ntp,2023-11-25T08:31:54.945363Z,,,,,,,,,,,,,,,,,,,,,,,,,,,,,,CBk6AX3fffgPAp6ZTe,192.168.169.130,48640,185.125.190.58,123,,,,,,4,,,,,,,,,,,,,,,,,,,,,,,,,,,,,,,,,,,,,,,,,,,,,,,,,,,,,,,,,,,,,,4,2,1s,0s,7.172ms,458us,37.15.221.189,2023-11-25T08:27:41.131807Z,2023-11-25T08:31:54.181996Z,2023-11-25T08:31:54.873066Z,2023-11-25T08:31:54.873117Z,0,,,,,,,,,,,,,,,,,,,,,,,,,,,,,,,,,,,,,,,,,,,,,,,,,,,,,,,,,,,,,,,,,,,,,,,,,
conn,2023-11-25T08:31:54.781738Z,,,,,,,,,,,,,,,,,,,,,,,,,,,,,,CBk6AX3fffgPAp6ZTe,192.168.169.130,48640,185.125.190.58,123,,,,,,,,,,,,,,,,,,,,,,,,,udp,ntp,163.625ms,48,48,SF,,,0,Dd,1,76,1,76,,,,,,,GB,,,51.4964,-0.1224,1:ixL/36JBEf8D6fV7xExpkWZTEEY=,,,,,,,,,,,,,,,,,,,,,,,,,,,,,,,,,,,,,,,,,,,,,,,,,,,,,,,,,,,,,,,,,,,,,,,,,,,,,,,,,,,,,,,,,,,,,,,,,,,,,,
ntp,2023-11-25T08:31:54.781738Z,,,,,,,,,,,,,,,,,,,,,,,,,,,,,,CBk6AX3fffgPAp6ZTe,192.168.169.130,48640,185.125.190.58,123,,,,,,4,,,,,,,,,,,,,,,,,,,,,,,,,,,,,,,,,,,,,,,,,,,,,,,,,,,,,,,,,,,,,,3,0,1s,1s,0s,0s,    ,1970-01-01T00:00:00Z,1970-01-01T00:00:00Z,1970-01-01T00:00:00Z,2023-11-25T08:31:54.181996Z,0,,,,,,,,,,,,,,,,,,,,,,,,,,,,,,,,,,,,,,,,,,,,,,,,,,,,,,,,,,,,,,,,,,,,,,,,,
conn,2023-11-25T08:31:54.34386Z,,,,,,,,,,,,,,,,,,,,,,,,,,,,,,CwVuaU3c5OjKi4r7sa,192.168.169.136,138,192.168.169.255,138,,,,,,,,,,,,,,,,,,,,,,,,,udp,,1.674ms,459,0,S0,,,0,D,2,515,0,0,,,,,,,,,,,,1:9GwwNqd9UqB1px999Pufw9iKIzY=,,,,,,,,,,,,,,,,,,,,,,,,,,,,,,,,,,,,,,,,,,,,,,,,,,,,,,,,,,,,,,,,,,,,,,,,,,,,,,,,,,,,,,,,,,,,,,,,,,,,,,
conn,2023-11-25T08:31:44.720467Z,,,,,,,,,,,,,,,,,,,,,,,,,,,,,,CSunWF3ibCXefbVgM8,192.168.169.1,61775,239.255.255.250,1900,,,,,,,,,,,,,,,,,,,,,,,,,udp,,3.003563s,700,0,S0,,,0,D,4,812,0,0,,,,,,,,,,,,1:NJrulqH+0F//rOXmEyXXWnupkfc=,,,,,,,,,,,,,,,,,,,,,,,,,,,,,,,,,,,,,,,,,,,,,,,,,,,,,,,,,,,,,,,,,,,,,,,,,,,,,,,,,,,,,,,,,,,,,,,,,,,,,,
conn,2023-11-25T08:31:30.850096Z,,,,,,,,,,,,,,,,,,,,,,,,,,,,,,CcHuB34LoqCk8q1Hqf,192.168.169.130,5353,224.0.0.251,5353,,,,,,,,,,,,,,,,,,,,,,,,,udp,dns,,,,S0,,,0,D,1,68,0,0,,,,,,,,,,,,1:Z006pHwOOd7l48qZ60ybrqgkMZM=,,,,,,,,,,,,,,,,,,,,,,,,,,,,,,,,,,,,,,,,,,,,,,,,,,,,,,,,,,,,,,,,,,,,,,,,,,,,,,,,,,,,,,,,,,,,,,,,,,,,,,
dns,2023-11-25T08:31:30.850096Z,,,,,,,,,,,,,,,,,,,,,,,,,,,,,,CcHuB34LoqCk8q1Hqf,192.168.169.130,5353,224.0.0.251,5353,,,,,,,,,,,,,,,,,,,,,,,,,udp,,,,,,,,,,,,,,,,,,,,,,,,,,0,,_pgpkey-hkp._tcp.local,1,C_INTERNET,12,PTR,,,false,false,false,false,0,,,false,,,,,,,,,,,,,,,,,,,,,,,,,,,,,,,,,,,,,,,,,,,,,,,,,,,,,,,,,,,,,,,,,,,,,,,,,,,,,,,,,,,,,
conn,2023-11-25T08:31:30.849054Z,,,,,,,,,,,,,,,,,,,,,,,,,,,,,,CJ6ar6bVJRpOKIU17,fe80::f4a5:6fee:9e5:18f2,5353,ff02::fb,5353,,,,,,,,,,,,,,,,,,,,,,,,,udp,dns,,,,S0,,,0,D,1,88,0,0,,,,,,,,,,,,1:fqjLCuWPnN69DLaGdlLLE50kIjI=,,,,,,,,,,,,,,,,,,,,,,,,,,,,,,,,,,,,,,,,,,,,,,,,,,,,,,,,,,,,,,,,,,,,,,,,,,,,,,,,,,,,,,,,,,,,,,,,,,,,,,
dns,2023-11-25T08:31:30.849054Z,,,,,,,,,,,,,,,,,,,,,,,,,,,,,,CJ6ar6bVJRpOKIU17,fe80::f4a5:6fee:9e5:18f2,5353,ff02::fb,5353,,,,,,,,,,,,,,,,,,,,,,,,,udp,,,,,,,,,,,,,,,,,,,,,,,,,,0,,_pgpkey-hkp._tcp.local,1,C_INTERNET,12,PTR,,,false,false,false,false,0,,,false,,,,,,,,,,,,,,,,,,,,,,,,,,,,,,,,,,,,,,,,,,,,,,,,,,,,,,,,,,,,,,,,,,,,,,,,,,,,,,,,,,,,,
conn,2023-11-25T08:30:32.728256Z,,,,,,,,,,,,,,,,,,,,,,,,,,,,,,CJn1kf46K3Bfp1astb,192.168.169.1,5353,224.0.0.251,5353,,,,,,,,,,,,,,,,,,,,,,,,,udp,dns,,,,S0,,,0,D,1,129,0,0,,,,,,,,,,,,1:KMznkXR2oHqTPwG+rrwhDsIkeP4=,,,,,,,,,,,,,,,,,,,,,,,,,,,,,,,,,,,,,,,,,,,,,,,,,,,,,,,,,,,,,,,,,,,,,,,,,,,,,,,,,,,,,,,,,,,,,,,,,,,,,,
dns,2023-11-25T08:30:32.728256Z,,,,,,,,,,,,,,,,,,,,,,,,,,,,,,CJn1kf46K3Bfp1astb,192.168.169.1,5353,224.0.0.251,5353,,,,,,,,,,,,,,,,,,,,,,,,,udp,,,,,,,,,,,,,,,,,,,,,,,,,,0,,_sleep-proxy._udp.local,1,C_INTERNET,12,PTR,,,false,false,false,false,0,,,false,,,,,,,,,,,,,,,,,,,,,,,,,,,,,,,,,,,,,,,,,,,,,,,,,,,,,,,,,,,,,,,,,,,,,,,,,,,,,,,,,,,,,
conn,2023-11-25T08:30:23.159284Z,,,,,,,,,,,,,,,,,,,,,,,,,,,,,,COYA9d4shgM1rmvZE8,192.168.169.135,42300,192.168.169.130,21,,,,,,,,,,,,,,,,,,,,,,,,,tcp,,47us,0,0,REJ,,,0,Sr,1,60,1,40,,,,,,,,,,,,1:r4IYG1pgL+iGb5aH4Tgq1PHoINA=,,,,,,,,,,,,,,,,,,,,,,,,,,,,,,,,,,,,,,,,,,,,,,,,,,,,,,,,,,,,,,,,,,,,,,,,,,,,,,,,,,,,,,,,,,,,,,,,,,,,,,
conn,2023-11-25T08:30:23.157419Z,,,,,,,,,,,,,,,,,,,,,,,,,,,,,,CeXIHb1crrfjtch5nh,192.168.169.135,42292,192.168.169.130,21,,,,,,,,,,,,,,,,,,,,,,,,,tcp,,46us,0,0,REJ,,,0,Sr,1,60,1,40,,,,,,,,,,,,1:Rk4iikZlTgh9yoqTovfCxVWppsU=,,,,,,,,,,,,,,,,,,,,,,,,,,,,,,,,,,,,,,,,,,,,,,,,,,,,,,,,,,,,,,,,,,,,,,,,,,,,,,,,,,,,,,,,,,,,,,,,,,,,,,
conn,2023-11-25T08:30:23.156121Z,,,,,,,,,,,,,,,,,,,,,,,,,,,,,,ClhkB330UL1D1kp007,192.168.169.135,42276,192.168.169.130,21,,,,,,,,,,,,,,,,,,,,,,,,,tcp,,60us,0,0,REJ,,,0,Sr,1,60,1,40,,,,,,,,,,,,1:bc5kkXh1+nALPywyMWc1ac20mgc=,,,,,,,,,,,,,,,,,,,,,,,,,,,,,,,,,,,,,,,,,,,,,,,,,,,,,,,,,,,,,,,,,,,,,,,,,,,,,,,,,,,,,,,,,,,,,,,,,,,,,,
conn,2023-11-25T08:30:23.154817Z,,,,,,,,,,,,,,,,,,,,,,,,,,,,,,CY3vF041weObvXe0Sc,192.168.169.135,42264,192.168.169.130,21,,,,,,,,,,,,,,,,,,,,,,,,,tcp,,152us,0,0,REJ,,,0,Sr,1,60,1,40,,,,,,,,,,,,1:PO8jNFF0PakbUplzN/nx6WLtgKw=,,,,,,,,,,,,,,,,,,,,,,,,,,,,,,,,,,,,,,,,,,,,,,,,,,,,,,,,,,,,,,,,,,,,,,,,,,,,,,,,,,,,,,,,,,,,,,,,,,,,,,
conn,2023-11-25T08:30:23.152086Z,,,,,,,,,,,,,,,,,,,,,,,,,,,,,,Ckenxk2tVhKiko37P3,192.168.169.135,42260,192.168.169.130,21,,,,,,,,,,,,,,,,,,,,,,,,,tcp,,320us,0,0,REJ,,,0,Sr,1,60,1,40,,,,,,,,,,,,1:tCNUwSwSsdf7wNH0NZpO8byGwXI=,,,,,,,,,,,,,,,,,,,,,,,,,,,,,,,,,,,,,,,,,,,,,,,,,,,,,,,,,,,,,,,,,,,,,,,,,,,,,,,,,,,,,,,,,,,,,,,,,,,,,,
conn,2023-11-25T08:30:23.152085Z,,,,,,,,,,,,,,,,,,,,,,,,,,,,,,CYJodD3dHou7gTKLP8,192.168.169.135,42250,192.168.169.130,21,,,,,,,,,,,,,,,,,,,,,,,,,tcp,,152us,0,0,REJ,,,0,Sr,1,60,1,40,,,,,,,,,,,,1:WHWAv4ymOUJKPZMY3pCFQ6nk4D0=,,,,,,,,,,,,,,,,,,,,,,,,,,,,,,,,,,,,,,,,,,,,,,,,,,,,,,,,,,,,,,,,,,,,,,,,,,,,,,,,,,,,,,,,,,,,,,,,,,,,,,
conn,2023-11-25T08:30:23.147789Z,,,,,,,,,,,,,,,,,,,,,,,,,,,,,,C7Fx004ewfPO0b3tof,192.168.169.135,42242,192.168.169.130,21,,,,,,,,,,,,,,,,,,,,,,,,,tcp,,33us,0,0,REJ,,,0,Sr,1,60,1,40,,,,,,,,,,,,1:oOKP/NShRjgg8AMY98R4tcuLQFw=,,,,,,,,,,,,,,,,,,,,,,,,,,,,,,,,,,,,,,,,,,,,,,,,,,,,,,,,,,,,,,,,,,,,,,,,,,,,,,,,,,,,,,,,,,,,,,,,,,,,,,
conn,2023-11-25T08:30:23.146317Z,,,,,,,,,,,,,,,,,,,,,,,,,,,,,,CYzDDO32Rd63xs3tGd,192.168.169.135,42234,192.168.169.130,21,,,,,,,,,,,,,,,,,,,,,,,,,tcp,,626us,0,0,REJ,,,0,Sr,1,60,1,40,,,,,,,,,,,,1:Hq1CNEQ68p1rD69pQcvlczYbUlU=,,,,,,,,,,,,,,,,,,,,,,,,,,,,,,,,,,,,,,,,,,,,,,,,,,,,,,,,,,,,,,,,,,,,,,,,,,,,,,,,,,,,,,,,,,,,,,,,,,,,,,
conn,2023-11-25T08:30:23.146317Z,,,,,,,,,,,,,,,,,,,,,,,,,,,,,,CX7Pne3w7Pjj7UZmQb,192.168.169.135,42222,192.168.169.130,21,,,,,,,,,,,,,,,,,,,,,,,,,tcp,,455us,0,0,REJ,,,0,Sr,1,60,1,40,,,,,,,,,,,,1:9RmMMRinVYXv8VteM408o29ryGo=,,,,,,,,,,,,,,,,,,,,,,,,,,,,,,,,,,,,,,,,,,,,,,,,,,,,,,,,,,,,,,,,,,,,,,,,,,,,,,,,,,,,,,,,,,,,,,,,,,,,,,
conn,2023-11-25T08:30:23.146317Z,,,,,,,,,,,,,,,,,,,,,,,,,,,,,,CNAq413DmDPwM2R8u9,192.168.169.135,42220,192.168.169.130,21,,,,,,,,,,,,,,,,,,,,,,,,,tcp,,267us,0,0,REJ,,,0,Sr,1,60,1,40,,,,,,,,,,,,1:5ZPPVe7N9QrHikKjJmCevnVE0o8=,,,,,,,,,,,,,,,,,,,,,,,,,,,,,,,,,,,,,,,,,,,,,,,,,,,,,,,,,,,,,,,,,,,,,,,,,,,,,,,,,,,,,,,,,,,,,,,,,,,,,,
conn,2023-11-25T08:30:23.146316Z,,,,,,,,,,,,,,,,,,,,,,,,,,,,,,CkBlFf2dYggjr4esAg,192.168.169.135,42206,192.168.169.130,21,,,,,,,,,,,,,,,,,,,,,,,,,tcp,,54us,0,0,REJ,,,0,Sr,1,60,1,40,,,,,,,,,,,,1:smDYHvH7rgdek7yXVXMBJRozwCE=,,,,,,,,,,,,,,,,,,,,,,,,,,,,,,,,,,,,,,,,,,,,,,,,,,,,,,,,,,,,,,,,,,,,,,,,,,,,,,,,,,,,,,,,,,,,,,,,,,,,,,
conn,2023-11-25T08:30:23.140783Z,,,,,,,,,,,,,,,,,,,,,,,,,,,,,,CtU56L10m2Ac5RGo94,192.168.169.135,42196,192.168.169.130,21,,,,,,,,,,,,,,,,,,,,,,,,,tcp,,37us,0,0,REJ,,,0,Sr,1,60,1,40,,,,,,,,,,,,1:cfnWD014ak6zbVrqIB2ImQvJhLM=,,,,,,,,,,,,,,,,,,,,,,,,,,,,,,,,,,,,,,,,,,,,,,,,,,,,,,,,,,,,,,,,,,,,,,,,,,,,,,,,,,,,,,,,,,,,,,,,,,,,,,
conn,2023-11-25T08:30:23.139236Z,,,,,,,,,,,,,,,,,,,,,,,,,,,,,,CfC0XL27M5VKdqfZzh,192.168.169.135,42182,192.168.169.130,21,,,,,,,,,,,,,,,,,,,,,,,,,tcp,,672us,0,0,REJ,,,0,Sr,1,60,1,40,,,,,,,,,,,,1:CfOXkOU9vFfj9ptZGIn93ZlJPJo=,,,,,,,,,,,,,,,,,,,,,,,,,,,,,,,,,,,,,,,,,,,,,,,,,,,,,,,,,,,,,,,,,,,,,,,,,,,,,,,,,,,,,,,,,,,,,,,,,,,,,,
conn,2023-11-25T08:30:23.139235Z,,,,,,,,,,,,,,,,,,,,,,,,,,,,,,CjukIi1zfzQG9pDlRb,192.168.169.135,42160,192.168.169.130,21,,,,,,,,,,,,,,,,,,,,,,,,,tcp,,287us,0,0,REJ,,,0,Sr,1,60,1,40,,,,,,,,,,,,1:d4ILarhYQ43U1ObaftWBPUYlzrM=,,,,,,,,,,,,,,,,,,,,,,,,,,,,,,,,,,,,,,,,,,,,,,,,,,,,,,,,,,,,,,,,,,,,,,,,,,,,,,,,,,,,,,,,,,,,,,,,,,,,,,
conn,2023-11-25T08:30:23.139235Z,,,,,,,,,,,,,,,,,,,,,,,,,,,,,,CQ5xeu2oL70Hh4Z4O3,192.168.169.135,42170,192.168.169.130,21,,,,,,,,,,,,,,,,,,,,,,,,,tcp,,492us,0,0,REJ,,,0,Sr,1,60,1,40,,,,,,,,,,,,1:9EQthZVKmNeR3OZDTtCCU4VVPZs=,,,,,,,,,,,,,,,,,,,,,,,,,,,,,,,,,,,,,,,,,,,,,,,,,,,,,,,,,,,,,,,,,,,,,,,,,,,,,,,,,,,,,,,,,,,,,,,,,,,,,,
conn,2023-11-25T08:30:23.139235Z,,,,,,,,,,,,,,,,,,,,,,,,,,,,,,C03eYB190N2Ez2epDj,192.168.169.135,42156,192.168.169.130,21,,,,,,,,,,,,,,,,,,,,,,,,,tcp,,70us,0,0,REJ,,,0,Sr,1,60,1,40,,,,,,,,,,,,1:Vm4He9/dJG/MfipFfUZm2J9zdkE=,,,,,,,,,,,,,,,,,,,,,,,,,,,,,,,,,,,,,,,,,,,,,,,,,,,,,,,,,,,,,,,,,,,,,,,,,,,,,,,,,,,,,,,,,,,,,,,,,,,,,,
conn,2023-11-25T08:30:20.151256Z,,,,,,,,,,,,,,,,,,,,,,,,,,,,,,CfglI54sT3SBc2IyX1,192.168.169.135,42154,192.168.169.130,21,,,,,,,,,,,,,,,,,,,,,,,,,tcp,,42us,0,0,REJ,,,0,Sr,1,60,1,40,,,,,,,,,,,,1:gcS5PgbrLoSc+BSxfUQg4zlUMM0=,,,,,,,,,,,,,,,,,,,,,,,,,,,,,,,,,,,,,,,,,,,,,,,,,,,,,,,,,,,,,,,,,,,,,,,,,,,,,,,,,,,,,,,,,,,,,,,,,,,,,,
conn,2023-11-25T08:30:20.150268Z,,,,,,,,,,,,,,,,,,,,,,,,,,,,,,Cce9bS3h9fFVIhsEv3,192.168.169.135,42110,192.168.169.130,21,,,,,,,,,,,,,,,,,,,,,,,,,tcp,,49us,0,0,REJ,,,0,Sr,1,60,1,40,,,,,,,,,,,,1:GMrBkDjMGdCn9uZpl2wdmxgVA/o=,,,,,,,,,,,,,,,,,,,,,,,,,,,,,,,,,,,,,,,,,,,,,,,,,,,,,,,,,,,,,,,,,,,,,,,,,,,,,,,,,,,,,,,,,,,,,,,,,,,,,,
conn,2023-11-25T08:30:20.146187Z,,,,,,,,,,,,,,,,,,,,,,,,,,,,,,CNHc6dlTpqBp085B3,192.168.169.135,42138,192.168.169.130,21,,,,,,,,,,,,,,,,,,,,,,,,,tcp,,33us,0,0,REJ,,,0,Sr,1,60,1,40,,,,,,,,,,,,1:/NLEMJPMnANKppi8sky2rwqEiWE=,,,,,,,,,,,,,,,,,,,,,,,,,,,,,,,,,,,,,,,,,,,,,,,,,,,,,,,,,,,,,,,,,,,,,,,,,,,,,,,,,,,,,,,,,,,,,,,,,,,,,,
conn,2023-11-25T08:30:20.142971Z,,,,,,,,,,,,,,,,,,,,,,,,,,,,,,CyVraVzGzzRPGtydh,192.168.169.135,42078,192.168.169.130,21,,,,,,,,,,,,,,,,,,,,,,,,,tcp,,33us,0,0,REJ,,,0,Sr,1,60,1,40,,,,,,,,,,,,1:/WzLJ6L8Zh/1O4mWppeOK15qtPU=,,,,,,,,,,,,,,,,,,,,,,,,,,,,,,,,,,,,,,,,,,,,,,,,,,,,,,,,,,,,,,,,,,,,,,,,,,,,,,,,,,,,,,,,,,,,,,,,,,,,,,
conn,2023-11-25T08:30:20.140005Z,,,,,,,,,,,,,,,,,,,,,,,,,,,,,,CzjS173G5kVeGR2z61,192.168.169.135,42126,192.168.169.130,21,,,,,,,,,,,,,,,,,,,,,,,,,tcp,,705us,0,0,REJ,,,0,Sr,1,60,1,40,,,,,,,,,,,,1:SSdjk43IMIIYLUu5BVvTiEooclc=,,,,,,,,,,,,,,,,,,,,,,,,,,,,,,,,,,,,,,,,,,,,,,,,,,,,,,,,,,,,,,,,,,,,,,,,,,,,,,,,,,,,,,,,,,,,,,,,,,,,,,
conn,2023-11-25T08:30:20.140005Z,,,,,,,,,,,,,,,,,,,,,,,,,,,,,,ClvocI3stkcrTCM7r1,192.168.169.135,42092,192.168.169.130,21,,,,,,,,,,,,,,,,,,,,,,,,,tcp,,389us,0,0,REJ,,,0,Sr,1,60,1,40,,,,,,,,,,,,1:wr89C1ZTwVj4np5R97g8EtMD82M=,,,,,,,,,,,,,,,,,,,,,,,,,,,,,,,,,,,,,,,,,,,,,,,,,,,,,,,,,,,,,,,,,,,,,,,,,,,,,,,,,,,,,,,,,,,,,,,,,,,,,,
conn,2023-11-25T08:30:20.140005Z,,,,,,,,,,,,,,,,,,,,,,,,,,,,,,C3n7h11UMRR0jtSKrh,192.168.169.135,42100,192.168.169.130,21,,,,,,,,,,,,,,,,,,,,,,,,,tcp,,528us,0,0,REJ,,,0,Sr,1,60,1,40,,,,,,,,,,,,1:qvgr2/ZnKtg5Ta+v9uzN9ksECic=,,,,,,,,,,,,,,,,,,,,,,,,,,,,,,,,,,,,,,,,,,,,,,,,,,,,,,,,,,,,,,,,,,,,,,,,,,,,,,,,,,,,,,,,,,,,,,,,,,,,,,
conn,2023-11-25T08:30:20.140005Z,,,,,,,,,,,,,,,,,,,,,,,,,,,,,,Cpl2qf2ojzFiShX6Z,192.168.169.135,42082,192.168.169.130,21,,,,,,,,,,,,,,,,,,,,,,,,,tcp,,244us,0,0,REJ,,,0,Sr,1,60,1,40,,,,,,,,,,,,1:7+jLLhzEMjIzCY0aqJ6j3wKsUiM=,,,,,,,,,,,,,,,,,,,,,,,,,,,,,,,,,,,,,,,,,,,,,,,,,,,,,,,,,,,,,,,,,,,,,,,,,,,,,,,,,,,,,,,,,,,,,,,,,,,,,,
conn,2023-11-25T08:30:20.140004Z,,,,,,,,,,,,,,,,,,,,,,,,,,,,,,CY6Lgq2HzOzQ00im3g,192.168.169.135,42080,192.168.169.130,21,,,,,,,,,,,,,,,,,,,,,,,,,tcp,,56us,0,0,REJ,,,0,Sr,1,60,1,40,,,,,,,,,,,,1:LJVgwJkKF4qMc39xYOS0zce02v0=,,,,,,,,,,,,,,,,,,,,,,,,,,,,,,,,,,,,,,,,,,,,,,,,,,,,,,,,,,,,,,,,,,,,,,,,,,,,,,,,,,,,,,,,,,,,,,,,,,,,,,
conn,2023-11-25T08:30:20.137096Z,,,,,,,,,,,,,,,,,,,,,,,,,,,,,,CToZOa2m7NRHbjguo9,192.168.169.135,42068,192.168.169.130,21,,,,,,,,,,,,,,,,,,,,,,,,,tcp,,39us,0,0,REJ,,,0,Sr,1,60,1,40,,,,,,,,,,,,1:1MOlvb0VQFPBHNRPoAqECnVABi0=,,,,,,,,,,,,,,,,,,,,,,,,,,,,,,,,,,,,,,,,,,,,,,,,,,,,,,,,,,,,,,,,,,,,,,,,,,,,,,,,,,,,,,,,,,,,,,,,,,,,,,
conn,2023-11-25T08:30:20.135204Z,,,,,,,,,,,,,,,,,,,,,,,,,,,,,,CT17Bv1lWmsymBuGeb,192.168.169.135,42060,192.168.169.130,21,,,,,,,,,,,,,,,,,,,,,,,,,tcp,,34us,0,0,REJ,,,0,Sr,1,60,1,40,,,,,,,,,,,,1:8zo/xKoynoXbK0ErMmbXYfE9z18=,,,,,,,,,,,,,,,,,,,,,,,,,,,,,,,,,,,,,,,,,,,,,,,,,,,,,,,,,,,,,,,,,,,,,,,,,,,,,,,,,,,,,,,,,,,,,,,,,,,,,,
conn,2023-11-25T08:30:20.13413Z,,,,,,,,,,,,,,,,,,,,,,,,,,,,,,CbaAKp27TOg4Yub7b2,192.168.169.135,42044,192.168.169.130,21,,,,,,,,,,,,,,,,,,,,,,,,,tcp,,307us,0,0,REJ,,,0,Sr,1,60,1,40,,,,,,,,,,,,1:Z0osqAJPyj/9KoDiehu06njRx74=,,,,,,,,,,,,,,,,,,,,,,,,,,,,,,,,,,,,,,,,,,,,,,,,,,,,,,,,,,,,,,,,,,,,,,,,,,,,,,,,,,,,,,,,,,,,,,,,,,,,,,
conn,2023-11-25T08:30:20.13413Z,,,,,,,,,,,,,,,,,,,,,,,,,,,,,,C9AXYD4xe0i6h2AJN4,192.168.169.135,42048,192.168.169.130,21,,,,,,,,,,,,,,,,,,,,,,,,,tcp,,185us,0,0,REJ,,,0,Sr,1,60,1,40,,,,,,,,,,,,1:Im3jLRVRmVi8oCxY4WyqOrB1FTI=,,,,,,,,,,,,,,,,,,,,,,,,,,,,,,,,,,,,,,,,,,,,,,,,,,,,,,,,,,,,,,,,,,,,,,,,,,,,,,,,,,,,,,,,,,,,,,,,,,,,,,
conn,2023-11-25T08:30:20.134129Z,,,,,,,,,,,,,,,,,,,,,,,,,,,,,,CubDnXn6Ii8AgPjU1,192.168.169.135,42038,192.168.169.130,21,,,,,,,,,,,,,,,,,,,,,,,,,tcp,,35us,0,0,REJ,,,0,Sr,1,60,1,40,,,,,,,,,,,,1:heqKrkMXtFNiyaoKGBfq6BCvXWQ=,,,,,,,,,,,,,,,,,,,,,,,,,,,,,,,,,,,,,,,,,,,,,,,,,,,,,,,,,,,,,,,,,,,,,,,,,,,,,,,,,,,,,,,,,,,,,,,,,,,,,,
conn,2023-11-25T08:30:20.132831Z,,,,,,,,,,,,,,,,,,,,,,,,,,,,,,COUOPy3L7EmBh3stth,192.168.169.135,42028,192.168.169.130,21,,,,,,,,,,,,,,,,,,,,,,,,,tcp,,322us,0,0,REJ,,,0,Sr,1,60,1,40,,,,,,,,,,,,1:GjEB2qYqvUtKx40n2kLL4Zy30H8=,,,,,,,,,,,,,,,,,,,,,,,,,,,,,,,,,,,,,,,,,,,,,,,,,,,,,,,,,,,,,,,,,,,,,,,,,,,,,,,,,,,,,,,,,,,,,,,,,,,,,,
conn,2023-11-25T08:30:20.13283Z,,,,,,,,,,,,,,,,,,,,,,,,,,,,,,C3cFSx3gduNxbptBm8,192.168.169.135,42014,192.168.169.130,21,,,,,,,,,,,,,,,,,,,,,,,,,tcp,,84us,0,0,REJ,,,0,Sr,1,60,1,40,,,,,,,,,,,,1:kW/PDG5yd/Ox6U0PYsi05tenuB4=,,,,,,,,,,,,,,,,,,,,,,,,,,,,,,,,,,,,,,,,,,,,,,,,,,,,,,,,,,,,,,,,,,,,,,,,,,,,,,,,,,,,,,,,,,,,,,,,,,,,,,
conn,2023-11-25T08:29:44.7042Z,,,,,,,,,,,,,,,,,,,,,,,,,,,,,,CvgxFH2kFsnIqrIRWl,192.168.169.1,65175,239.255.255.250,1900,,,,,,,,,,,,,,,,,,,,,,,,,udp,,3.002594s,700,0,S0,,,0,D,4,812,0,0,,,,,,,,,,,,1:2PZy9fNc/8yLNc7OYhZ6QYRGM9w=,,,,,,,,,,,,,,,,,,,,,,,,,,,,,,,,,,,,,,,,,,,,,,,,,,,,,,,,,,,,,,,,,,,,,,,,,,,,,,,,,,,,,,,,,,,,,,,,,,,,,,
,2023-11-25T08:29:40.24104Z,,,,,,,,,,,,,,,,,,,,,,,,,,,,,,,,,,,,,,,,,,,,,,,,,,,,,,,,,,,TCP,,,,,,,,,,,,,,,,,,,,,,,,,1:thxzKZ3FgsS/X/ts8vMtNq8V07w=,,,,,,,,,,,,,,,,,,,,,,,,,,,,,,alert,192.168.169.130,38424,91.189.91.82,80,,http,3,ET POLICY GNU/Linux APT User-Agent Outbound likely related to package management,Not Suspicious Traffic,allowed,2013504,1,6,,"[""POLICY""]",,,,"[""2011_08_31""]",,"[""2020_04_22""]",,,1369148340028467,333,0,,,,,,,,,,,,,,,,,,,,,,,,,,,,,,,,,,,,,,,,,,,,,,
files,2023-11-25T08:29:40.24096Z,,,,,,,,,,,,,,,,,,,,,,,,,,,,,,,,,,,,,,,,,,,,,,,,,,,,,,,,,,,,,994.86ms,,,,,,,,,,,,,,,,,,,,,,,,,,,,,,,,,,,,,,,,,,,,,,,,,,,,,,,,,,,,,,,,,,,,,,,,,,,,,,,,,,,,,,,,FRKZMj2RojDJ03x9o3,|[91.189.91.82]|,|[192.168.169.130]|,"|[""CBel1M2LHjHpgTxeL""]|",HTTP,0,"|[""MD5"",""SHA1""]|",application/x-debian-package,,false,204308,204308,0,0,false,,4def95f207c168728f36d3ada2f8d32f,77d99e2fcef0cd65299ffdaba37d7c0b9c4973e2,,,,,,,,,,,,,,,,,,,,
http,2023-11-25T08:29:39.9326Z,,,,,,,,,,,,,,,,,,,,,,,,,,,,,,CBel1M2LHjHpgTxeL,192.168.169.130,38424,91.189.91.82,80,1,GET,in.archive.ubuntu.com,/ubuntu/pool/main/n/net-tools/net-tools_1.60+git20181103.0eebece-1ubuntu5_amd64.deb,,1.1,Debian APT-HTTP/1.3 (2.4.8),,0,204308,200,OK,,,|[]|,,,,,,,"[""FRKZMj2RojDJ03x9o3""]",,"[""application/x-debian-package""]",,,,,,,,,,,,,,,,,,,,,,,,,,,,,,,,,,,,,,,,,,,,,,,,,,,,,,,,,,,,,,,,,,,,,,,,,,,,,,,,,,,,,,,,,,,,,,,,,,,,,,,,,,,,,,,,,,,,,,,,,,,,,,,,
conn,2023-11-25T08:29:39.705587Z,,,,,,,,,,,,,,,,,,,,,,,,,,,,,,CBel1M2LHjHpgTxeL,192.168.169.130,38424,91.189.91.82,80,,,,,,,,,,,,,,,,,,,,,,,,,tcp,http,1.769489s,172,204600,SF,,,0,ShADadFf,68,2912,67,207284,,,,,,,US,MA,Boston,42.3562,-71.0631,1:thxzKZ3FgsS/X/ts8vMtNq8V07w=,,,,,,,,,,,,,,,,,,,,,,,,,,,,,,,,,,,,,,,,,,,,,,,,,,,,,,,,,,,,,,,,,,,,,,,,,,,,,,,,,,,,,,,,,,,,,,,,,,,,,,
conn,2023-11-25T08:29:37.693154Z,,,,,,,,,,,,,,,,,,,,,,,,,,,,,,COZ3lT3uHUkcLPRc31,192.168.169.130,48305,192.168.169.2,53,,,,,,,,,,,,,,,,,,,,,,,,,udp,dns,8.199ms,39,179,SF,,,0,Dd,1,67,1,207,,,,,,,,,,,,1:nLl1k4pxEK3SA04xg35SPrt1ZFY=,,,,,,,,,,,,,,,,,,,,,,,,,,,,,,,,,,,,,,,,,,,,,,,,,,,,,,,,,,,,,,,,,,,,,,,,,,,,,,,,,,,,,,,,,,,,,,,,,,,,,,
dns,2023-11-25T08:29:37.693154Z,,,,,,,,,,,,,,,,,,,,,,,,,,,,,,COZ3lT3uHUkcLPRc31,192.168.169.130,48305,192.168.169.2,53,,,,,,,,,,,,,,,,,,,,,,,,,udp,,,,,,,,,,,,,,,,,,,,,,,,,,29065,8.199ms,in.archive.ubuntu.com,1,C_INTERNET,28,AAAA,0,NOERROR,false,false,true,true,0,"[""2620:2d:4002:1::103"",""2620:2d:4000:1::19"",""2620:2d:4002:1::102"",""2620:2d:4002:1::101"",""2620:2d:4000:1::16""]","[5s,5s,5s,5s,5s]",false,,,,,,,,,,,,,,,,,,,,,,,,,,,,,,,,,,,,,,,,,,,,,,,,,,,,,,,,,,,,,,,,,,,,,,,,,,,,,,,,,,,,,
conn,2023-11-25T08:29:37.692924Z,,,,,,,,,,,,,,,,,,,,,,,,,,,,,,CZrXLB11ag92vTat4j,192.168.169.130,38998,192.168.169.2,53,,,,,,,,,,,,,,,,,,,,,,,,,udp,dns,2.009751s,39,119,SF,,,0,Dd,1,67,1,147,,,,,,,,,,,,1:Hdl3BB56X2xEs9r8azaJZp710c0=,,,,,,,,,,,,,,,,,,,,,,,,,,,,,,,,,,,,,,,,,,,,,,,,,,,,,,,,,,,,,,,,,,,,,,,,,,,,,,,,,,,,,,,,,,,,,,,,,,,,,,
dns,2023-11-25T08:29:37.692924Z,,,,,,,,,,,,,,,,,,,,,,,,,,,,,,CZrXLB11ag92vTat4j,192.168.169.130,38998,192.168.169.2,53,,,,,,,,,,,,,,,,,,,,,,,,,udp,,,,,,,,,,,,,,,,,,,,,,,,,,54408,2.009751s,in.archive.ubuntu.com,1,C_INTERNET,1,A,0,NOERROR,false,false,true,true,0,"[""91.189.91.82"",""185.125.190.36"",""91.189.91.81"",""91.189.91.83"",""185.125.190.39""]","[5s,5s,5s,5s,5s]",false,,,,,,,,,,,,,,,,,,,,,,,,,,,,,,,,,,,,,,,,,,,,,,,,,,,,,,,,,,,,,,,,,,,,,,,,,,,,,,,,,,,,,
conn,2023-11-25T08:29:37.682823Z,,,,,,,,,,,,,,,,,,,,,,,,,,,,,,CqsXTB3bJoyBwVvUG5,192.168.169.130,40913,192.168.169.2,53,,,,,,,,,,,,,,,,,,,,,,,,,udp,dns,6.89ms,50,111,SF,,,0,Dd,1,78,1,139,,,,,,,,,,,,1:S8aAfNrUfat94K3A4haJxLu6SVA=,,,,,,,,,,,,,,,,,,,,,,,,,,,,,,,,,,,,,,,,,,,,,,,,,,,,,,,,,,,,,,,,,,,,,,,,,,,,,,,,,,,,,,,,,,,,,,,,,,,,,,
dns,2023-11-25T08:29:37.682823Z,,,,,,,,,,,,,,,,,,,,,,,,,,,,,,CqsXTB3bJoyBwVvUG5,192.168.169.130,40913,192.168.169.2,53,,,,,,,,,,,,,,,,,,,,,,,,,udp,,,,,,,,,,,,,,,,,,,,,,,,,,64523,,_http._tcp.in.archive.ubuntu.com,1,C_INTERNET,33,SRV,0,NOERROR,false,false,true,false,0,,,false,,,,,,,,,,,,,,,,,,,,,,,,,,,,,,,,,,,,,,,,,,,,,,,,,,,,,,,,,,,,,,,,,,,,,,,,,,,,,,,,,,,,,
conn,2023-11-25T08:29:22.825962Z,,,,,,,,,,,,,,,,,,,,,,,,,,,,,,C4pqfq1txXEjH90sGl,192.168.169.130,5353,224.0.0.251,5353,,,,,,,,,,,,,,,,,,,,,,,,,udp,dns,,,,S0,,,0,D,1,68,0,0,,,,,,,,,,,,1:Z006pHwOOd7l48qZ60ybrqgkMZM=,,,,,,,,,,,,,,,,,,,,,,,,,,,,,,,,,,,,,,,,,,,,,,,,,,,,,,,,,,,,,,,,,,,,,,,,,,,,,,,,,,,,,,,,,,,,,,,,,,,,,,
dns,2023-11-25T08:29:22.825962Z,,,,,,,,,,,,,,,,,,,,,,,,,,,,,,C4pqfq1txXEjH90sGl,192.168.169.130,5353,224.0.0.251,5353,,,,,,,,,,,,,,,,,,,,,,,,,udp,,,,,,,,,,,,,,,,,,,,,,,,,,0,,_pgpkey-hkp._tcp.local,1,C_INTERNET,12,PTR,,,false,false,false,false,0,,,false,,,,,,,,,,,,,,,,,,,,,,,,,,,,,,,,,,,,,,,,,,,,,,,,,,,,,,,,,,,,,,,,,,,,,,,,,,,,,,,,,,,,,
conn,2023-11-25T08:29:22.825586Z,,,,,,,,,,,,,,,,,,,,,,,,,,,,,,Colkpw3FXwR2Df9DR9,fe80::f4a5:6fee:9e5:18f2,5353,ff02::fb,5353,,,,,,,,,,,,,,,,,,,,,,,,,udp,dns,,,,S0,,,0,D,1,88,0,0,,,,,,,,,,,,1:fqjLCuWPnN69DLaGdlLLE50kIjI=,,,,,,,,,,,,,,,,,,,,,,,,,,,,,,,,,,,,,,,,,,,,,,,,,,,,,,,,,,,,,,,,,,,,,,,,,,,,,,,,,,,,,,,,,,,,,,,,,,,,,,
dns,2023-11-25T08:29:22.825586Z,,,,,,,,,,,,,,,,,,,,,,,,,,,,,,Colkpw3FXwR2Df9DR9,fe80::f4a5:6fee:9e5:18f2,5353,ff02::fb,5353,,,,,,,,,,,,,,,,,,,,,,,,,udp,,,,,,,,,,,,,,,,,,,,,,,,,,0,,_pgpkey-hkp._tcp.local,1,C_INTERNET,12,PTR,,,false,false,false,false,0,,,false,,,,,,,,,,,,,,,,,,,,,,,,,,,,,,,,,,,,,,,,,,,,,,,,,,,,,,,,,,,,,,,,,,,,,,,,,,,,,,,,,,,,,
ssl,2023-11-25T08:28:53.446973Z,,,,,,,,,,,,,,,,,,,,,,,,,,,,,,CiyQgkQIa43fPNy1c,192.168.169.130,52292,185.125.188.55,443,,,,,,TLSv13,,,,,,,,,,,,,,,,,,,,,,,,,,,,,,,,,,,,,,,,,,,,,,,,,,,,,,,,,,,,,,,,,,,,,,,,,,,,,,,,,,,,,,,,,,,,,,,,,,,,,,,,,,,,,,,,,,,,,,,,,,,,,,,,,,,TLS_AES_256_GCM_SHA384,x25519,api.snapcraft.io,true,,,true,,,,,,,,473cd7cb9faa642487833865d516e578,15af977ce25de452b96affa2addb1036
conn,2023-11-25T08:28:53.208474Z,,,,,,,,,,,,,,,,,,,,,,,,,,,,,,CiyQgkQIa43fPNy1c,192.168.169.130,52292,185.125.188.55,443,,,,,,,,,,,,,,,,,,,,,,,,,tcp,ssl,6.115198s,8710,42158,SF,,,0,ShADadfF,16,9370,20,42962,,,,,,,GB,,,51.4964,-0.1224,1:SDuim4URRrg/oBaCP3Bv/KonQCs=,,,,,,,,,,,,,,,,,,,,,,,,,,,,,,,,,,,,,,,,,,,,,,,,,,,,,,,,,,,,,,,,,,,,,,,,,,,,,,,,,,,,,,,,,,,,,,,,,,,,,,
conn,2023-11-25T08:28:53.20136Z,,,,,,,,,,,,,,,,,,,,,,,,,,,,,,CYowAP16hwplACWlD8,192.168.169.130,36210,192.168.169.2,53,,,,,,,,,,,,,,,,,,,,,,,,,udp,dns,3.386ms,34,34,SF,,,0,Dd,1,62,1,62,,,,,,,,,,,,1:O8dmwNXzTH5/rBZWc/Qmrly7WXM=,,,,,,,,,,,,,,,,,,,,,,,,,,,,,,,,,,,,,,,,,,,,,,,,,,,,,,,,,,,,,,,,,,,,,,,,,,,,,,,,,,,,,,,,,,,,,,,,,,,,,,
dns,2023-11-25T08:28:53.20136Z,,,,,,,,,,,,,,,,,,,,,,,,,,,,,,CYowAP16hwplACWlD8,192.168.169.130,36210,192.168.169.2,53,,,,,,,,,,,,,,,,,,,,,,,,,udp,,,,,,,,,,,,,,,,,,,,,,,,,,3517,,api.snapcraft.io,1,C_INTERNET,28,AAAA,0,NOERROR,false,false,true,false,0,,,true,,,,,,,,,,,,,,,,,,,,,,,,,,,,,,,,,,,,,,,,,,,,,,,,,,,,,,,,,,,,,,,,,,,,,,,,,,,,,,,,,,,,,
conn,2023-11-25T08:28:53.200649Z,,,,,,,,,,,,,,,,,,,,,,,,,,,,,,CrAjvD3uRujQSxuQp4,192.168.169.130,51706,192.168.169.2,53,,,,,,,,,,,,,,,,,,,,,,,,,udp,dns,6.87ms,34,98,SF,,,0,Dd,1,62,1,126,,,,,,,,,,,,1:a8WTPz8UQYTPO3pqvDejQk/6jKQ=,,,,,,,,,,,,,,,,,,,,,,,,,,,,,,,,,,,,,,,,,,,,,,,,,,,,,,,,,,,,,,,,,,,,,,,,,,,,,,,,,,,,,,,,,,,,,,,,,,,,,,
dns,2023-11-25T08:28:53.200649Z,,,,,,,,,,,,,,,,,,,,,,,,,,,,,,CrAjvD3uRujQSxuQp4,192.168.169.130,51706,192.168.169.2,53,,,,,,,,,,,,,,,,,,,,,,,,,udp,,,,,,,,,,,,,,,,,,,,,,,,,,64600,6.87ms,api.snapcraft.io,1,C_INTERNET,1,A,0,NOERROR,false,false,true,true,0,"[""185.125.188.55"",""185.125.188.54"",""185.125.188.59"",""185.125.188.58""]","[5s,5s,5s,5s]",false,,,,,,,,,,,,,,,,,,,,,,,,,,,,,,,,,,,,,,,,,,,,,,,,,,,,,,,,,,,,,,,,,,,,,,,,,,,,,,,,,,,,,
conn,2023-11-25T08:28:49.977211Z,,,,,,,,,,,,,,,,,,,,,,,,,,,,,,CVxaAi1oXOQgFzMkdh,192.168.169.135,41704,192.168.169.130,21,,,,,,,,,,,,,,,,,,,,,,,,,tcp,,68us,0,0,REJ,,,0,Sr,1,60,1,40,,,,,,,,,,,,1:06PNpJSSmDoX1PlkT1SC2hxTG9o=,,,,,,,,,,,,,,,,,,,,,,,,,,,,,,,,,,,,,,,,,,,,,,,,,,,,,,,,,,,,,,,,,,,,,,,,,,,,,,,,,,,,,,,,,,,,,,,,,,,,,,
conn,2023-11-25T08:28:49.971005Z,,,,,,,,,,,,,,,,,,,,,,,,,,,,,,CMXXoD2nwh9Wflvkrc,192.168.169.135,41688,192.168.169.130,21,,,,,,,,,,,,,,,,,,,,,,,,,tcp,,875us,0,0,REJ,,,0,Sr,1,60,1,40,,,,,,,,,,,,1:UE3li82xzJkE8WhZibrYXOUjjbk=,,,,,,,,,,,,,,,,,,,,,,,,,,,,,,,,,,,,,,,,,,,,,,,,,,,,,,,,,,,,,,,,,,,,,,,,,,,,,,,,,,,,,,,,,,,,,,,,,,,,,,
conn,2023-11-25T08:28:49.971005Z,,,,,,,,,,,,,,,,,,,,,,,,,,,,,,CJabkn2NroJD7mPfse,192.168.169.135,41694,192.168.169.130,21,,,,,,,,,,,,,,,,,,,,,,,,,tcp,,1.092ms,0,0,REJ,,,0,Sr,1,60,1,40,,,,,,,,,,,,1:ADhf0EJwOdaI18F1HYpw+RD3HRs=,,,,,,,,,,,,,,,,,,,,,,,,,,,,,,,,,,,,,,,,,,,,,,,,,,,,,,,,,,,,,,,,,,,,,,,,,,,,,,,,,,,,,,,,,,,,,,,,,,,,,,
conn,2023-11-25T08:28:49.971005Z,,,,,,,,,,,,,,,,,,,,,,,,,,,,,,CHXw111CGGUz3snbG,192.168.169.135,41672,192.168.169.130,21,,,,,,,,,,,,,,,,,,,,,,,,,tcp,,153us,0,0,REJ,,,0,Sr,1,60,1,40,,,,,,,,,,,,1:gIew9R/akMu2j26KIIcKGBp/bAA=,,,,,,,,,,,,,,,,,,,,,,,,,,,,,,,,,,,,,,,,,,,,,,,,,,,,,,,,,,,,,,,,,,,,,,,,,,,,,,,,,,,,,,,,,,,,,,,,,,,,,,
conn,2023-11-25T08:28:49.971004Z,,,,,,,,,,,,,,,,,,,,,,,,,,,,,,Cc9dNC2LYs977A7zkb,192.168.169.135,41674,192.168.169.130,21,,,,,,,,,,,,,,,,,,,,,,,,,tcp,,29us,0,0,REJ,,,0,Sr,1,60,1,40,,,,,,,,,,,,1:uLLis1Cua4EIWxaIvJc0oHUF1y0=,,,,,,,,,,,,,,,,,,,,,,,,,,,,,,,,,,,,,,,,,,,,,,,,,,,,,,,,,,,,,,,,,,,,,,,,,,,,,,,,,,,,,,,,,,,,,,,,,,,,,,
conn,2023-11-25T08:28:49.969404Z,,,,,,,,,,,,,,,,,,,,,,,,,,,,,,CTU0kd1sT9hC9SRbKd,192.168.169.135,41658,192.168.169.130,21,,,,,,,,,,,,,,,,,,,,,,,,,tcp,,919us,0,0,REJ,,,0,Sr,1,60,1,40,,,,,,,,,,,,1:8CullDaFHP+x4U5FhVk9yt5d1bs=,,,,,,,,,,,,,,,,,,,,,,,,,,,,,,,,,,,,,,,,,,,,,,,,,,,,,,,,,,,,,,,,,,,,,,,,,,,,,,,,,,,,,,,,,,,,,,,,,,,,,,
conn,2023-11-25T08:28:49.969404Z,,,,,,,,,,,,,,,,,,,,,,,,,,,,,,CGUt8b1FCQjlm4tSXf,192.168.169.135,41670,192.168.169.130,21,,,,,,,,,,,,,,,,,,,,,,,,,tcp,,1.397ms,0,0,REJ,,,0,Sr,1,60,1,40,,,,,,,,,,,,1:M36nshrsVa9vqebfKBQxdQFf8TY=,,,,,,,,,,,,,,,,,,,,,,,,,,,,,,,,,,,,,,,,,,,,,,,,,,,,,,,,,,,,,,,,,,,,,,,,,,,,,,,,,,,,,,,,,,,,,,,,,,,,,,
conn,2023-11-25T08:28:49.969404Z,,,,,,,,,,,,,,,,,,,,,,,,,,,,,,CezFSR0jEGkBZgAvk,192.168.169.135,41660,192.168.169.130,21,,,,,,,,,,,,,,,,,,,,,,,,,tcp,,1.228ms,0,0,REJ,,,0,Sr,1,60,1,40,,,,,,,,,,,,1:WTSRl7P6lDOnhwEiGTu3u1qNUwE=,,,,,,,,,,,,,,,,,,,,,,,,,,,,,,,,,,,,,,,,,,,,,,,,,,,,,,,,,,,,,,,,,,,,,,,,,,,,,,,,,,,,,,,,,,,,,,,,,,,,,,
conn,2023-11-25T08:28:49.969403Z,,,,,,,,,,,,,,,,,,,,,,,,,,,,,,CpOFv74XLKkcll9rU3,192.168.169.135,41632,192.168.169.130,21,,,,,,,,,,,,,,,,,,,,,,,,,tcp,,198us,0,0,REJ,,,0,Sr,1,60,1,40,,,,,,,,,,,,1:5DK28dIVQSgZ9WRIVZdLRQebu80=,,,,,,,,,,,,,,,,,,,,,,,,,,,,,,,,,,,,,,,,,,,,,,,,,,,,,,,,,,,,,,,,,,,,,,,,,,,,,,,,,,,,,,,,,,,,,,,,,,,,,,
conn,2023-11-25T08:28:49.969403Z,,,,,,,,,,,,,,,,,,,,,,,,,,,,,,CjEnBc2F6z0ovs7q81,192.168.169.135,41642,192.168.169.130,21,,,,,,,,,,,,,,,,,,,,,,,,,tcp,,542us,0,0,REJ,,,0,Sr,1,60,1,40,,,,,,,,,,,,1:8CYfen3c8wg1HKZx+fxEYsADc80=,,,,,,,,,,,,,,,,,,,,,,,,,,,,,,,,,,,,,,,,,,,,,,,,,,,,,,,,,,,,,,,,,,,,,,,,,,,,,,,,,,,,,,,,,,,,,,,,,,,,,,
conn,2023-11-25T08:28:49.969403Z,,,,,,,,,,,,,,,,,,,,,,,,,,,,,,CUQP8M2d2Qya41NxAj,192.168.169.135,41654,192.168.169.130,21,,,,,,,,,,,,,,,,,,,,,,,,,tcp,,729us,0,0,REJ,,,0,Sr,1,60,1,40,,,,,,,,,,,,1:2x5Me07voE8mgdhMrDxdpF5d1h8=,,,,,,,,,,,,,,,,,,,,,,,,,,,,,,,,,,,,,,,,,,,,,,,,,,,,,,,,,,,,,,,,,,,,,,,,,,,,,,,,,,,,,,,,,,,,,,,,,,,,,,
conn,2023-11-25T08:28:49.969403Z,,,,,,,,,,,,,,,,,,,,,,,,,,,,,,CLfmxn4ikLUhazaYqi,192.168.169.135,41634,192.168.169.130,21,,,,,,,,,,,,,,,,,,,,,,,,,tcp,,339us,0,0,REJ,,,0,Sr,1,60,1,40,,,,,,,,,,,,1:SKtl1j0ymBqhUhCRC3xNCI72sbY=,,,,,,,,,,,,,,,,,,,,,,,,,,,,,,,,,,,,,,,,,,,,,,,,,,,,,,,,,,,,,,,,,,,,,,,,,,,,,,,,,,,,,,,,,,,,,,,,,,,,,,
conn,2023-11-25T08:28:49.969402Z,,,,,,,,,,,,,,,,,,,,,,,,,,,,,,CWn2Xn3Vo7SnQUVuMd,192.168.169.135,41626,192.168.169.130,21,,,,,,,,,,,,,,,,,,,,,,,,,tcp,,51us,0,0,REJ,,,0,Sr,1,60,1,40,,,,,,,,,,,,1:WmOd80nJkswydQPCXEbwxmo08rw=,,,,,,,,,,,,,,,,,,,,,,,,,,,,,,,,,,,,,,,,,,,,,,,,,,,,,,,,,,,,,,,,,,,,,,,,,,,,,,,,,,,,,,,,,,,,,,,,,,,,,,
conn,2023-11-25T08:28:49.966972Z,,,,,,,,,,,,,,,,,,,,,,,,,,,,,,CNhNAg12aFpGwXioDg,192.168.169.135,41614,192.168.169.130,21,,,,,,,,,,,,,,,,,,,,,,,,,tcp,,317us,0,0,REJ,,,0,Sr,1,60,1,40,,,,,,,,,,,,1:XaPrYKUV6c1iIRe+u8yhM7NvsoM=,,,,,,,,,,,,,,,,,,,,,,,,,,,,,,,,,,,,,,,,,,,,,,,,,,,,,,,,,,,,,,,,,,,,,,,,,,,,,,,,,,,,,,,,,,,,,,,,,,,,,,
conn,2023-11-25T08:28:49.966972Z,,,,,,,,,,,,,,,,,,,,,,,,,,,,,,CA3JUuxcgsgJb9Eod,192.168.169.135,41618,192.168.169.130,21,,,,,,,,,,,,,,,,,,,,,,,,,tcp,,510us,0,0,REJ,,,0,Sr,1,60,1,40,,,,,,,,,,,,1:4EyQ1vjCOkLw1aFaQg5vUrx2TX8=,,,,,,,,,,,,,,,,,,,,,,,,,,,,,,,,,,,,,,,,,,,,,,,,,,,,,,,,,,,,,,,,,,,,,,,,,,,,,,,,,,,,,,,,,,,,,,,,,,,,,,
conn,2023-11-25T08:28:49.966971Z,,,,,,,,,,,,,,,,,,,,,,,,,,,,,,CDhDy34WDLDVPwd2Tb,192.168.169.135,41598,192.168.169.130,21,,,,,,,,,,,,,,,,,,,,,,,,,tcp,,82us,0,0,REJ,,,0,Sr,1,60,1,40,,,,,,,,,,,,1:SE3A0NCGA8HopBfoVVKf3pqFIEg=,,,,,,,,,,,,,,,,,,,,,,,,,,,,,,,,,,,,,,,,,,,,,,,,,,,,,,,,,,,,,,,,,,,,,,,,,,,,,,,,,,,,,,,,,,,,,,,,,,,,,,
conn,2023-11-25T08:28:46.963864Z,,,,,,,,,,,,,,,,,,,,,,,,,,,,,,CnXNNt2mQkoKSssYPe,192.168.169.135,54186,192.168.169.130,21,,,,,,,,,,,,,,,,,,,,,,,,,tcp,,814us,0,0,REJ,,,0,Sr,1,60,1,40,,,,,,,,,,,,1:R8fnnf76nIz5Q0TBm/TYw1jPH7M=,,,,,,,,,,,,,,,,,,,,,,,,,,,,,,,,,,,,,,,,,,,,,,,,,,,,,,,,,,,,,,,,,,,,,,,,,,,,,,,,,,,,,,,,,,,,,,,,,,,,,,
conn,2023-11-25T08:28:46.963864Z,,,,,,,,,,,,,,,,,,,,,,,,,,,,,,CkAvx94SlsPlfQkAG3,192.168.169.135,54176,192.168.169.130,21,,,,,,,,,,,,,,,,,,,,,,,,,tcp,,642us,0,0,REJ,,,0,Sr,1,60,1,40,,,,,,,,,,,,1:f+KUrlVW3HenwZRQl/ljYfl3y9E=,,,,,,,,,,,,,,,,,,,,,,,,,,,,,,,,,,,,,,,,,,,,,,,,,,,,,,,,,,,,,,,,,,,,,,,,,,,,,,,,,,,,,,,,,,,,,,,,,,,,,,
conn,2023-11-25T08:28:46.963864Z,,,,,,,,,,,,,,,,,,,,,,,,,,,,,,CLTeEo3N5sJPWwsdVi,192.168.169.135,54190,192.168.169.130,21,,,,,,,,,,,,,,,,,,,,,,,,,tcp,,977us,0,0,REJ,,,0,Sr,1,60,1,40,,,,,,,,,,,,1:iRm+uQ7S7FAU/PN7HZ9psPfJiaA=,,,,,,,,,,,,,,,,,,,,,,,,,,,,,,,,,,,,,,,,,,,,,,,,,,,,,,,,,,,,,,,,,,,,,,,,,,,,,,,,,,,,,,,,,,,,,,,,,,,,,,
conn,2023-11-25T08:28:46.963864Z,,,,,,,,,,,,,,,,,,,,,,,,,,,,,,CCPnbn2xkbscR1nLMg,192.168.169.135,54174,192.168.169.130,21,,,,,,,,,,,,,,,,,,,,,,,,,tcp,,493us,0,0,REJ,,,0,Sr,1,60,1,40,,,,,,,,,,,,1:6VdhDoDoU9FyipGDuNdX21b0TQ8=,,,,,,,,,,,,,,,,,,,,,,,,,,,,,,,,,,,,,,,,,,,,,,,,,,,,,,,,,,,,,,,,,,,,,,,,,,,,,,,,,,,,,,,,,,,,,,,,,,,,,,
conn,2023-11-25T08:28:46.963864Z,,,,,,,,,,,,,,,,,,,,,,,,,,,,,,CrAHvfyf9baZwHRXi,192.168.169.135,54206,192.168.169.130,21,,,,,,,,,,,,,,,,,,,,,,,,,tcp,,1.144ms,0,0,REJ,,,0,Sr,1,60,1,40,,,,,,,,,,,,1:8Hs2zWPjconUDNzYsv5w9oIMq/0=,,,,,,,,,,,,,,,,,,,,,,,,,,,,,,,,,,,,,,,,,,,,,,,,,,,,,,,,,,,,,,,,,,,,,,,,,,,,,,,,,,,,,,,,,,,,,,,,,,,,,,
conn,2023-11-25T08:28:46.963863Z,,,,,,,,,,,,,,,,,,,,,,,,,,,,,,C6iBny1Bna3PvGLOFb,192.168.169.135,54134,192.168.169.130,21,,,,,,,,,,,,,,,,,,,,,,,,,tcp,,192us,0,0,REJ,,,0,Sr,1,60,1,40,,,,,,,,,,,,1:EjNS/ZKEDmsISz7G6q0J92dBjys=,,,,,,,,,,,,,,,,,,,,,,,,,,,,,,,,,,,,,,,,,,,,,,,,,,,,,,,,,,,,,,,,,,,,,,,,,,,,,,,,,,,,,,,,,,,,,,,,,,,,,,
conn,2023-11-25T08:28:46.963863Z,,,,,,,,,,,,,,,,,,,,,,,,,,,,,,CzcIqnQXfgDAYFjsk,192.168.169.135,54132,192.168.169.130,21,,,,,,,,,,,,,,,,,,,,,,,,,tcp,,333us,0,0,REJ,,,0,Sr,1,60,1,40,,,,,,,,,,,,1:GdTFV9GAUNKZ+Y8qQCcF6rrgBBc=,,,,,,,,,,,,,,,,,,,,,,,,,,,,,,,,,,,,,,,,,,,,,,,,,,,,,,,,,,,,,,,,,,,,,,,,,,,,,,,,,,,,,,,,,,,,,,,,,,,,,,
conn,2023-11-25T08:28:46.963863Z,,,,,,,,,,,,,,,,,,,,,,,,,,,,,,CdUrH3wixoXdzt5Lf,192.168.169.135,54152,192.168.169.130,21,,,,,,,,,,,,,,,,,,,,,,,,,tcp,,31us,0,0,REJ,,,0,Sr,1,60,1,40,,,,,,,,,,,,1:uwn/W8QsdpnF258Qe1q+DNGGxf8=,,,,,,,,,,,,,,,,,,,,,,,,,,,,,,,,,,,,,,,,,,,,,,,,,,,,,,,,,,,,,,,,,,,,,,,,,,,,,,,,,,,,,,,,,,,,,,,,,,,,,,
conn,2023-11-25T08:28:46.961913Z,,,,,,,,,,,,,,,,,,,,,,,,,,,,,,Co46Jl2mjs8rYnm6P5,192.168.169.135,54120,192.168.169.130,21,,,,,,,,,,,,,,,,,,,,,,,,,tcp,,1.217ms,0,0,REJ,,,0,Sr,1,60,1,40,,,,,,,,,,,,1:zsrYo6fw8WJcI8KHB0R1O5XKN9o=,,,,,,,,,,,,,,,,,,,,,,,,,,,,,,,,,,,,,,,,,,,,,,,,,,,,,,,,,,,,,,,,,,,,,,,,,,,,,,,,,,,,,,,,,,,,,,,,,,,,,,
conn,2023-11-25T08:28:46.961913Z,,,,,,,,,,,,,,,,,,,,,,,,,,,,,,CdoKY42vsIzZbKYOi9,192.168.169.135,54144,192.168.169.130,21,,,,,,,,,,,,,,,,,,,,,,,,,tcp,,1.761ms,0,0,REJ,,,0,Sr,1,60,1,40,,,,,,,,,,,,1:OflWwbFYVoOhuZvf4lAWc3UF3oY=,,,,,,,,,,,,,,,,,,,,,,,,,,,,,,,,,,,,,,,,,,,,,,,,,,,,,,,,,,,,,,,,,,,,,,,,,,,,,,,,,,,,,,,,,,,,,,,,,,,,,,
conn,2023-11-25T08:28:46.961913Z,,,,,,,,,,,,,,,,,,,,,,,,,,,,,,CHUumy47YQIRpru7H4,192.168.169.135,54140,192.168.169.130,21,,,,,,,,,,,,,,,,,,,,,,,,,tcp,,1.591ms,0,0,REJ,,,0,Sr,1,60,1,40,,,,,,,,,,,,1:40HFitHg5gXTqexNvDzljkgpIgw=,,,,,,,,,,,,,,,,,,,,,,,,,,,,,,,,,,,,,,,,,,,,,,,,,,,,,,,,,,,,,,,,,,,,,,,,,,,,,,,,,,,,,,,,,,,,,,,,,,,,,,
conn,2023-11-25T08:28:46.961913Z,,,,,,,,,,,,,,,,,,,,,,,,,,,,,,C6Eecx3ElqJQXcDu78,192.168.169.135,54106,192.168.169.130,21,,,,,,,,,,,,,,,,,,,,,,,,,tcp,,1.056ms,0,0,REJ,,,0,Sr,1,60,1,40,,,,,,,,,,,,1:H27PAXwU+yksLY5sJ0g8D44oqrw=,,,,,,,,,,,,,,,,,,,,,,,,,,,,,,,,,,,,,,,,,,,,,,,,,,,,,,,,,,,,,,,,,,,,,,,,,,,,,,,,,,,,,,,,,,,,,,,,,,,,,,
conn,2023-11-25T08:28:46.961913Z,,,,,,,,,,,,,,,,,,,,,,,,,,,,,,C1Mlfq1HOICwoUFAXh,192.168.169.135,54098,192.168.169.130,21,,,,,,,,,,,,,,,,,,,,,,,,,tcp,,918us,0,0,REJ,,,0,Sr,1,60,1,40,,,,,,,,,,,,1:ePSCFACG7veGriirWdS8okUImdo=,,,,,,,,,,,,,,,,,,,,,,,,,,,,,,,,,,,,,,,,,,,,,,,,,,,,,,,,,,,,,,,,,,,,,,,,,,,,,,,,,,,,,,,,,,,,,,,,,,,,,,
conn,2023-11-25T08:28:46.961913Z,,,,,,,,,,,,,,,,,,,,,,,,,,,,,,CECUXVi0SlNyH5poc,192.168.169.135,54136,192.168.169.130,21,,,,,,,,,,,,,,,,,,,,,,,,,tcp,,1.35ms,0,0,REJ,,,0,Sr,1,60,1,40,,,,,,,,,,,,1:zaytq4WauQigpU5te9kDP/CsB5c=,,,,,,,,,,,,,,,,,,,,,,,,,,,,,,,,,,,,,,,,,,,,,,,,,,,,,,,,,,,,,,,,,,,,,,,,,,,,,,,,,,,,,,,,,,,,,,,,,,,,,,
conn,2023-11-25T08:28:46.961912Z,,,,,,,,,,,,,,,,,,,,,,,,,,,,,,Cx1hCg485TBPC7C0q6,192.168.169.135,54080,192.168.169.130,21,,,,,,,,,,,,,,,,,,,,,,,,,tcp,,74us,0,0,REJ,,,0,Sr,1,60,1,40,,,,,,,,,,,,1:OX+iMHe/7TK4x+GwAjT/X/dziFc=,,,,,,,,,,,,,,,,,,,,,,,,,,,,,,,,,,,,,,,,,,,,,,,,,,,,,,,,,,,,,,,,,,,,,,,,,,,,,,,,,,,,,,,,,,,,,,,,,,,,,,
conn,2023-11-25T08:28:46.961912Z,,,,,,,,,,,,,,,,,,,,,,,,,,,,,,Ci7eds1xXZuy52qof4,192.168.169.135,54082,192.168.169.130,21,,,,,,,,,,,,,,,,,,,,,,,,,tcp,,745us,0,0,REJ,,,0,Sr,1,60,1,40,,,,,,,,,,,,1:CDexNVsG+rcaZFcRD65h+xqLfNM=,,,,,,,,,,,,,,,,,,,,,,,,,,,,,,,,,,,,,,,,,,,,,,,,,,,,,,,,,,,,,,,,,,,,,,,,,,,,,,,,,,,,,,,,,,,,,,,,,,,,,,
http,2023-11-25T08:28:32.271005Z,,,,,,,,,,,,,,,,,,,,,,,,,,,,,,CiKVC53RhWeKl79lT6,192.168.169.130,41566,35.224.170.84,80,1,GET,connectivity-check.ubuntu.com,/,,1.1,,,0,0,204,No Content,,,|[]|,,,,,,,,,,,,,,,,,,,,,,,,,,,,,,,,,,,,,,,,,,,,,,,,,,,,,,,,,,,,,,,,,,,,,,,,,,,,,,,,,,,,,,,,,,,,,,,,,,,,,,,,,,,,,,,,,,,,,,,,,,,,,,,,,,,,,,,,,
conn,2023-11-25T08:28:31.991078Z,,,,,,,,,,,,,,,,,,,,,,,,,,,,,,CiKVC53RhWeKl79lT6,192.168.169.130,41566,35.224.170.84,80,,,,,,,,,,,,,,,,,,,,,,,,,tcp,http,560.656ms,87,148,SF,,,0,ShADafF,4,267,4,312,,,,,,,US,IA,Council Bluffs,41.2619,-95.8608,1:T+RNSBmSqnrkE2BVMLmdyEf3Zv0=,,,,,,,,,,,,,,,,,,,,,,,,,,,,,,,,,,,,,,,,,,,,,,,,,,,,,,,,,,,,,,,,,,,,,,,,,,,,,,,,,,,,,,,,,,,,,,,,,,,,,,
conn,2023-11-25T08:28:31.975962Z,,,,,,,,,,,,,,,,,,,,,,,,,,,,,,CkTSHR3tauiLtlY2bj,192.168.169.130,32847,192.168.169.2,53,,,,,,,,,,,,,,,,,,,,,,,,,udp,dns,9.543ms,47,191,SF,,,0,Dd,1,75,1,219,,,,,,,,,,,,1:nnGWTn7qv2wotVPZqmYmx18MbME=,,,,,,,,,,,,,,,,,,,,,,,,,,,,,,,,,,,,,,,,,,,,,,,,,,,,,,,,,,,,,,,,,,,,,,,,,,,,,,,,,,,,,,,,,,,,,,,,,,,,,,
dns,2023-11-25T08:28:31.975962Z,,,,,,,,,,,,,,,,,,,,,,,,,,,,,,CkTSHR3tauiLtlY2bj,192.168.169.130,32847,192.168.169.2,53,,,,,,,,,,,,,,,,,,,,,,,,,udp,,,,,,,,,,,,,,,,,,,,,,,,,,7187,9.543ms,connectivity-check.ubuntu.com,1,C_INTERNET,1,A,0,NOERROR,false,false,true,true,0,"[""35.224.170.84"",""35.232.111.17"",""185.125.190.48"",""185.125.190.49"",""91.189.91.48"",""185.125.190.17"",""185.125.190.18"",""91.189.91.49"",""34.122.121.32""]","[5s,5s,5s,5s,5s,5s,5s,5s,5s]",false,,,,,,,,,,,,,,,,,,,,,,,,,,,,,,,,,,,,,,,,,,,,,,,,,,,,,,,,,,,,,,,,,,,,,,,,,,,,,,,,,,,,,
conn,2023-11-25T08:28:18.804234Z,,,,,,,,,,,,,,,,,,,,,,,,,,,,,,C3GG4S3NC9ayfECSEh,192.168.169.130,5353,224.0.0.251,5353,,,,,,,,,,,,,,,,,,,,,,,,,udp,dns,,,,S0,,,0,D,1,68,0,0,,,,,,,,,,,,1:Z006pHwOOd7l48qZ60ybrqgkMZM=,,,,,,,,,,,,,,,,,,,,,,,,,,,,,,,,,,,,,,,,,,,,,,,,,,,,,,,,,,,,,,,,,,,,,,,,,,,,,,,,,,,,,,,,,,,,,,,,,,,,,,
dns,2023-11-25T08:28:18.804234Z,,,,,,,,,,,,,,,,,,,,,,,,,,,,,,C3GG4S3NC9ayfECSEh,192.168.169.130,5353,224.0.0.251,5353,,,,,,,,,,,,,,,,,,,,,,,,,udp,,,,,,,,,,,,,,,,,,,,,,,,,,0,,_pgpkey-hkp._tcp.local,1,C_INTERNET,12,PTR,,,false,false,false,false,0,,,false,,,,,,,,,,,,,,,,,,,,,,,,,,,,,,,,,,,,,,,,,,,,,,,,,,,,,,,,,,,,,,,,,,,,,,,,,,,,,,,,,,,,,
conn,2023-11-25T08:28:18.803735Z,,,,,,,,,,,,,,,,,,,,,,,,,,,,,,CznAa6rNp1P5GV8k8,fe80::f4a5:6fee:9e5:18f2,5353,ff02::fb,5353,,,,,,,,,,,,,,,,,,,,,,,,,udp,dns,,,,S0,,,0,D,1,88,0,0,,,,,,,,,,,,1:fqjLCuWPnN69DLaGdlLLE50kIjI=,,,,,,,,,,,,,,,,,,,,,,,,,,,,,,,,,,,,,,,,,,,,,,,,,,,,,,,,,,,,,,,,,,,,,,,,,,,,,,,,,,,,,,,,,,,,,,,,,,,,,,
dns,2023-11-25T08:28:18.803735Z,,,,,,,,,,,,,,,,,,,,,,,,,,,,,,CznAa6rNp1P5GV8k8,fe80::f4a5:6fee:9e5:18f2,5353,ff02::fb,5353,,,,,,,,,,,,,,,,,,,,,,,,,udp,,,,,,,,,,,,,,,,,,,,,,,,,,0,,_pgpkey-hkp._tcp.local,1,C_INTERNET,12,PTR,,,false,false,false,false,0,,,false,,,,,,,,,,,,,,,,,,,,,,,,,,,,,,,,,,,,,,,,,,,,,,,,,,,,,,,,,,,,,,,,,,,,,,,,,,,,,,,,,,,,,
ssl,2023-11-25T08:28:14.646626Z,,,,,,,,,,,,,,,,,,,,,,,,,,,,,,C8fmcq2qPqNzKD042k,192.168.169.130,34820,185.125.188.58,443,,,,,,TLSv13,,,,,,,,,,,,,,,,,,,,,,,,,,,,,,,,,,,,,,,,,,,,,,,,,,,,,,,,,,,,,,,,,,,,,,,,,,,,,,,,,,,,,,,,,,,,,,,,,,,,,,,,,,,,,,,,,,,,,,,,,,,,,,,,,,,TLS_AES_256_GCM_SHA384,x25519,api.snapcraft.io,true,,,true,,,,,,,,473cd7cb9faa642487833865d516e578,15af977ce25de452b96affa2addb1036
conn,2023-11-25T08:28:14.476272Z,,,,,,,,,,,,,,,,,,,,,,,,,,,,,,C8fmcq2qPqNzKD042k,192.168.169.130,34820,185.125.188.58,443,,,,,,,,,,,,,,,,,,,,,,,,,tcp,ssl,5.994749s,1680,8856,SF,,,0,ShADadfF,13,2220,13,9380,,,,,,,GB,,,51.4964,-0.1224,1:MNZ3WYKtEuMSSaaZv3+hODVVuz4=,,,,,,,,,,,,,,,,,,,,,,,,,,,,,,,,,,,,,,,,,,,,,,,,,,,,,,,,,,,,,,,,,,,,,,,,,,,,,,,,,,,,,,,,,,,,,,,,,,,,,,
conn,2023-11-25T08:28:14.469464Z,,,,,,,,,,,,,,,,,,,,,,,,,,,,,,CjLKo83Cr0g6b1MVRk,192.168.169.130,48152,192.168.169.2,53,,,,,,,,,,,,,,,,,,,,,,,,,udp,dns,3.1ms,34,34,SF,,,0,Dd,1,62,1,62,,,,,,,,,,,,1:/JJnHVJ85vtIx7DoFBsI2+sZKKA=,,,,,,,,,,,,,,,,,,,,,,,,,,,,,,,,,,,,,,,,,,,,,,,,,,,,,,,,,,,,,,,,,,,,,,,,,,,,,,,,,,,,,,,,,,,,,,,,,,,,,,
dns,2023-11-25T08:28:14.469464Z,,,,,,,,,,,,,,,,,,,,,,,,,,,,,,CjLKo83Cr0g6b1MVRk,192.168.169.130,48152,192.168.169.2,53,,,,,,,,,,,,,,,,,,,,,,,,,udp,,,,,,,,,,,,,,,,,,,,,,,,,,39079,,api.snapcraft.io,1,C_INTERNET,28,AAAA,0,NOERROR,false,false,true,false,0,,,true,,,,,,,,,,,,,,,,,,,,,,,,,,,,,,,,,,,,,,,,,,,,,,,,,,,,,,,,,,,,,,,,,,,,,,,,,,,,,,,,,,,,,
conn,2023-11-25T08:28:14.468989Z,,,,,,,,,,,,,,,,,,,,,,,,,,,,,,CjgQCy1LpVGefhn8m9,192.168.169.130,48538,192.168.169.2,53,,,,,,,,,,,,,,,,,,,,,,,,,udp,dns,3.575ms,34,98,SF,,,0,Dd,1,62,1,126,,,,,,,,,,,,1:9zq4vZihHSz2DpFRzFf8OTO5IJA=,,,,,,,,,,,,,,,,,,,,,,,,,,,,,,,,,,,,,,,,,,,,,,,,,,,,,,,,,,,,,,,,,,,,,,,,,,,,,,,,,,,,,,,,,,,,,,,,,,,,,,
dns,2023-11-25T08:28:14.468989Z,,,,,,,,,,,,,,,,,,,,,,,,,,,,,,CjgQCy1LpVGefhn8m9,192.168.169.130,48538,192.168.169.2,53,,,,,,,,,,,,,,,,,,,,,,,,,udp,,,,,,,,,,,,,,,,,,,,,,,,,,11308,3.575ms,api.snapcraft.io,1,C_INTERNET,1,A,0,NOERROR,false,false,true,true,0,"[""185.125.188.58"",""185.125.188.55"",""185.125.188.59"",""185.125.188.54""]","[5s,5s,5s,5s]",false,,,,,,,,,,,,,,,,,,,,,,,,,,,,,,,,,,,,,,,,,,,,,,,,,,,,,,,,,,,,,,,,,,,,,,,,,,,,,,,,,,,,,
ssl,2023-11-25T08:28:04.88259Z,,,,,,,,,,,,,,,,,,,,,,,,,,,,,,CZMnOrUPQYCtLtGhd,192.168.169.130,48404,185.125.188.55,443,,,,,,TLSv13,,,,,,,,,,,,,,,,,,,,,,,,,,,,,,,,,,,,,,,,,,,,,,,,,,,,,,,,,,,,,,,,,,,,,,,,,,,,,,,,,,,,,,,,,,,,,,,,,,,,,,,,,,,,,,,,,,,,,,,,,,,,,,,,,,,TLS_AES_256_GCM_SHA384,x25519,api.snapcraft.io,true,,,true,,,,,,,,473cd7cb9faa642487833865d516e578,15af977ce25de452b96affa2addb1036
conn,2023-11-25T08:28:04.717479Z,,,,,,,,,,,,,,,,,,,,,,,,,,,,,,CZMnOrUPQYCtLtGhd,192.168.169.130,48404,185.125.188.55,443,,,,,,,,,,,,,,,,,,,,,,,,,tcp,ssl,5.72986s,5344,41299,SF,,,0,ShADadfF,18,6084,19,42063,,,,,,,GB,,,51.4964,-0.1224,1:wkq3Y8e+iOCCuImb6fgI/Bri3mo=,,,,,,,,,,,,,,,,,,,,,,,,,,,,,,,,,,,,,,,,,,,,,,,,,,,,,,,,,,,,,,,,,,,,,,,,,,,,,,,,,,,,,,,,,,,,,,,,,,,,,,
conn,2023-11-25T08:28:04.713535Z,,,,,,,,,,,,,,,,,,,,,,,,,,,,,,CbMjJe1hUQmuVBjPTf,192.168.169.130,53119,192.168.169.2,53,,,,,,,,,,,,,,,,,,,,,,,,,udp,dns,3.029ms,34,34,SF,,,0,Dd,1,62,1,62,,,,,,,,,,,,1:6Yv8K5JtouSw9PzZxh1XhgTP4NY=,,,,,,,,,,,,,,,,,,,,,,,,,,,,,,,,,,,,,,,,,,,,,,,,,,,,,,,,,,,,,,,,,,,,,,,,,,,,,,,,,,,,,,,,,,,,,,,,,,,,,,
dns,2023-11-25T08:28:04.713535Z,,,,,,,,,,,,,,,,,,,,,,,,,,,,,,CbMjJe1hUQmuVBjPTf,192.168.169.130,53119,192.168.169.2,53,,,,,,,,,,,,,,,,,,,,,,,,,udp,,,,,,,,,,,,,,,,,,,,,,,,,,24027,,api.snapcraft.io,1,C_INTERNET,28,AAAA,0,NOERROR,false,false,true,false,0,,,true,,,,,,,,,,,,,,,,,,,,,,,,,,,,,,,,,,,,,,,,,,,,,,,,,,,,,,,,,,,,,,,,,,,,,,,,,,,,,,,,,,,,,
conn,2023-11-25T08:28:04.705807Z,,,,,,,,,,,,,,,,,,,,,,,,,,,,,,C2vlYf1JnBkG2NguU2,192.168.169.130,38402,192.168.169.2,53,,,,,,,,,,,,,,,,,,,,,,,,,udp,dns,4.263ms,34,98,SF,,,0,Dd,1,62,1,126,,,,,,,,,,,,1:9VQloFegqqZJHxsnUnce3HSNie4=,,,,,,,,,,,,,,,,,,,,,,,,,,,,,,,,,,,,,,,,,,,,,,,,,,,,,,,,,,,,,,,,,,,,,,,,,,,,,,,,,,,,,,,,,,,,,,,,,,,,,,
dns,2023-11-25T08:28:04.705807Z,,,,,,,,,,,,,,,,,,,,,,,,,,,,,,C2vlYf1JnBkG2NguU2,192.168.169.130,38402,192.168.169.2,53,,,,,,,,,,,,,,,,,,,,,,,,,udp,,,,,,,,,,,,,,,,,,,,,,,,,,64500,4.263ms,api.snapcraft.io,1,C_INTERNET,1,A,0,NOERROR,false,false,true,true,0,"[""185.125.188.55"",""185.125.188.59"",""185.125.188.54"",""185.125.188.58""]","[5s,5s,5s,5s]",false,,,,,,,,,,,,,,,,,,,,,,,,,,,,,,,,,,,,,,,,,,,,,,,,,,,,,,,,,,,,,,,,,,,,,,,,,,,,,,,,,,,,,
ssl,2023-11-25T08:28:04.409123Z,,,,,,,,,,,,,,,,,,,,,,,,,,,,,,CIkqNq3FgEmVIxXy37,192.168.169.130,47078,185.125.190.75,443,,,,,,TLSv13,,,,,,,,,,,,,,,,,,,,,,,,,,,,,,,,,,,,,,,,,,,,,,,,,,,,,,,,,,,,,,,,,,,,,,,,,,,,,,,,,,,,,,,,,,,,,,,,,,,,,,,,,,,,,,,,,,,,,,,,,,,,,,,,,,,TLS_AES_256_GCM_SHA384,secp256r1,esm.ubuntu.com,true,,,true,,,,,,,,f35ce21b44ac0b87d3266294bb1b0e20,15af977ce25de452b96affa2addb1036
conn,2023-11-25T08:28:04.038866Z,,,,,,,,,,,,,,,,,,,,,,,,,,,,,,CIkqNq3FgEmVIxXy37,192.168.169.130,47078,185.125.190.75,443,,,,,,,,,,,,,,,,,,,,,,,,,tcp,ssl,1.990047s,1011,4207,SF,,,0,ShADadFfR,14,1591,15,4811,,,,,,,GB,,,51.4964,-0.1224,1:KDh9NjcyWAJ83r00zcWTEAFxDR0=,,,,,,,,,,,,,,,,,,,,,,,,,,,,,,,,,,,,,,,,,,,,,,,,,,,,,,,,,,,,,,,,,,,,,,,,,,,,,,,,,,,,,,,,,,,,,,,,,,,,,,
conn,2023-11-25T08:28:04.033493Z,,,,,,,,,,,,,,,,,,,,,,,,,,,,,,CECNUG1RkCQdvbHWY5,192.168.169.130,38806,192.168.169.2,53,,,,,,,,,,,,,,,,,,,,,,,,,udp,dns,4.285ms,32,172,SF,,,0,Dd,1,60,1,200,,,,,,,,,,,,1:si+cgTsCroU4FXxsuGKgNGFqWts=,,,,,,,,,,,,,,,,,,,,,,,,,,,,,,,,,,,,,,,,,,,,,,,,,,,,,,,,,,,,,,,,,,,,,,,,,,,,,,,,,,,,,,,,,,,,,,,,,,,,,,
dns,2023-11-25T08:28:04.033493Z,,,,,,,,,,,,,,,,,,,,,,,,,,,,,,CECNUG1RkCQdvbHWY5,192.168.169.130,38806,192.168.169.2,53,,,,,,,,,,,,,,,,,,,,,,,,,udp,,,,,,,,,,,,,,,,,,,,,,,,,,20371,4.285ms,esm.ubuntu.com,1,C_INTERNET,28,AAAA,0,NOERROR,false,false,true,true,0,"[""2620:2d:4000:1::2e"",""2001:67c:1562::22"",""2620:2d:4000:1::2f"",""2001:67c:1562::21"",""2620:2d:4000:1::30""]","[5s,5s,5s,5s,5s]",false,,,,,,,,,,,,,,,,,,,,,,,,,,,,,,,,,,,,,,,,,,,,,,,,,,,,,,,,,,,,,,,,,,,,,,,,,,,,,,,,,,,,,
conn,2023-11-25T08:28:04.03315Z,,,,,,,,,,,,,,,,,,,,,,,,,,,,,,CqxYcD3MDwzHQd1cme,192.168.169.130,43864,192.168.169.2,53,,,,,,,,,,,,,,,,,,,,,,,,,udp,dns,2.801ms,32,112,SF,,,0,Dd,1,60,1,140,,,,,,,,,,,,1:B9/MBSmPKBc7BO2ep4e8IqObB+w=,,,,,,,,,,,,,,,,,,,,,,,,,,,,,,,,,,,,,,,,,,,,,,,,,,,,,,,,,,,,,,,,,,,,,,,,,,,,,,,,,,,,,,,,,,,,,,,,,,,,,,
dns,2023-11-25T08:28:04.03315Z,,,,,,,,,,,,,,,,,,,,,,,,,,,,,,CqxYcD3MDwzHQd1cme,192.168.169.130,43864,192.168.169.2,53,,,,,,,,,,,,,,,,,,,,,,,,,udp,,,,,,,,,,,,,,,,,,,,,,,,,,8668,2.801ms,esm.ubuntu.com,1,C_INTERNET,1,A,0,NOERROR,false,false,true,true,0,"[""185.125.190.75"",""91.189.91.46"",""185.125.190.23"",""91.189.91.47"",""185.125.190.24""]","[5s,5s,5s,5s,5s]",false,,,,,,,,,,,,,,,,,,,,,,,,,,,,,,,,,,,,,,,,,,,,,,,,,,,,,,,,,,,,,,,,,,,,,,,,,,,,,,,,,,,,,
conn,2023-11-25T08:28:04.025054Z,,,,,,,,,,,,,,,,,,,,,,,,,,,,,,CGIhoy3bpt8ZsBNTj,192.168.169.130,34832,192.168.169.2,53,,,,,,,,,,,,,,,,,,,,,,,,,udp,dns,6.377ms,44,105,SF,,,0,Dd,1,72,1,133,,,,,,,,,,,,1:zk6eFKUP1AlBBe6NOpbplfBMyzM=,,,,,,,,,,,,,,,,,,,,,,,,,,,,,,,,,,,,,,,,,,,,,,,,,,,,,,,,,,,,,,,,,,,,,,,,,,,,,,,,,,,,,,,,,,,,,,,,,,,,,,
dns,2023-11-25T08:28:04.025054Z,,,,,,,,,,,,,,,,,,,,,,,,,,,,,,CGIhoy3bpt8ZsBNTj,192.168.169.130,34832,192.168.169.2,53,,,,,,,,,,,,,,,,,,,,,,,,,udp,,,,,,,,,,,,,,,,,,,,,,,,,,4909,,_https._tcp.esm.ubuntu.com,1,C_INTERNET,33,SRV,3,NXDOMAIN,false,false,true,false,0,,,false,,,,,,,,,,,,,,,,,,,,,,,,,,,,,,,,,,,,,,,,,,,,,,,,,,,,,,,,,,,,,,,,,,,,,,,,,,,,,,,,,,,,,
conn,2023-11-25T08:28:03.039983Z,,,,,,,,,,,,,,,,,,,,,,,,,,,,,,CVgedP2UqRZpJOkqL9,192.168.169.130,55599,192.168.169.2,53,,,,,,,,,,,,,,,,,,,,,,,,,udp,dns,344.905ms,37,177,SF,,,0,Dd,1,65,1,205,,,,,,,,,,,,1:/5xT09o/JR+EwoGn+9UoiWnl9GE=,,,,,,,,,,,,,,,,,,,,,,,,,,,,,,,,,,,,,,,,,,,,,,,,,,,,,,,,,,,,,,,,,,,,,,,,,,,,,,,,,,,,,,,,,,,,,,,,,,,,,,
dns,2023-11-25T08:28:03.039983Z,,,,,,,,,,,,,,,,,,,,,,,,,,,,,,CVgedP2UqRZpJOkqL9,192.168.169.130,55599,192.168.169.2,53,,,,,,,,,,,,,,,,,,,,,,,,,udp,,,,,,,,,,,,,,,,,,,,,,,,,,45271,344.905ms,security.ubuntu.com,1,C_INTERNET,28,AAAA,0,NOERROR,false,false,true,true,0,"[""2620:2d:4002:1::101"",""2620:2d:4000:1::19"",""2620:2d:4000:1::16"",""2620:2d:4002:1::102"",""2620:2d:4002:1::103""]","[5s,5s,5s,5s,5s]",false,,,,,,,,,,,,,,,,,,,,,,,,,,,,,,,,,,,,,,,,,,,,,,,,,,,,,,,,,,,,,,,,,,,,,,,,,,,,,,,,,,,,,
conn,2023-11-25T08:28:03.039627Z,,,,,,,,,,,,,,,,,,,,,,,,,,,,,,C3aaP34hVSoqcwxiAc,192.168.169.130,53587,192.168.169.2,53,,,,,,,,,,,,,,,,,,,,,,,,,udp,dns,4.007ms,37,117,SF,,,0,Dd,1,65,1,145,,,,,,,,,,,,1:QpDfXSEpTixp/cs6zZGQ3wmynB8=,,,,,,,,,,,,,,,,,,,,,,,,,,,,,,,,,,,,,,,,,,,,,,,,,,,,,,,,,,,,,,,,,,,,,,,,,,,,,,,,,,,,,,,,,,,,,,,,,,,,,,
dns,2023-11-25T08:28:03.039627Z,,,,,,,,,,,,,,,,,,,,,,,,,,,,,,C3aaP34hVSoqcwxiAc,192.168.169.130,53587,192.168.169.2,53,,,,,,,,,,,,,,,,,,,,,,,,,udp,,,,,,,,,,,,,,,,,,,,,,,,,,52870,4.007ms,security.ubuntu.com,1,C_INTERNET,1,A,0,NOERROR,false,false,true,true,0,"[""91.189.91.82"",""91.189.91.83"",""185.125.190.39"",""185.125.190.36"",""91.189.91.81""]","[5s,5s,5s,5s,5s]",false,,,,,,,,,,,,,,,,,,,,,,,,,,,,,,,,,,,,,,,,,,,,,,,,,,,,,,,,,,,,,,,,,,,,,,,,,,,,,,,,,,,,,
conn,2023-11-25T08:28:03.038061Z,,,,,,,,,,,,,,,,,,,,,,,,,,,,,,CKrg6LIcdRS9VP629,192.168.169.130,38352,192.168.169.2,53,,,,,,,,,,,,,,,,,,,,,,,,,udp,dns,9.948ms,39,179,SF,,,0,Dd,1,67,1,207,,,,,,,,,,,,1:r/8ibWf6M12knAPXyAlA1PVAk8o=,,,,,,,,,,,,,,,,,,,,,,,,,,,,,,,,,,,,,,,,,,,,,,,,,,,,,,,,,,,,,,,,,,,,,,,,,,,,,,,,,,,,,,,,,,,,,,,,,,,,,,
dns,2023-11-25T08:28:03.038061Z,,,,,,,,,,,,,,,,,,,,,,,,,,,,,,CKrg6LIcdRS9VP629,192.168.169.130,38352,192.168.169.2,53,,,,,,,,,,,,,,,,,,,,,,,,,udp,,,,,,,,,,,,,,,,,,,,,,,,,,52693,9.948ms,in.archive.ubuntu.com,1,C_INTERNET,28,AAAA,0,NOERROR,false,false,true,true,0,"[""2620:2d:4002:1::102"",""2620:2d:4002:1::103"",""2620:2d:4000:1::16"",""2620:2d:4000:1::19"",""2620:2d:4002:1::101""]","[5s,5s,5s,5s,5s]",false,,,,,,,,,,,,,,,,,,,,,,,,,,,,,,,,,,,,,,,,,,,,,,,,,,,,,,,,,,,,,,,,,,,,,,,,,,,,,,,,,,,,,
conn,2023-11-25T08:28:03.0377Z,,,,,,,,,,,,,,,,,,,,,,,,,,,,,,CXOAnm4uu6Ggwrtynf,192.168.169.130,54417,192.168.169.2,53,,,,,,,,,,,,,,,,,,,,,,,,,udp,dns,3.806ms,39,119,SF,,,0,Dd,1,67,1,147,,,,,,,,,,,,1:iPu18wc+veDJg8gtL8opueH899M=,,,,,,,,,,,,,,,,,,,,,,,,,,,,,,,,,,,,,,,,,,,,,,,,,,,,,,,,,,,,,,,,,,,,,,,,,,,,,,,,,,,,,,,,,,,,,,,,,,,,,,
dns,2023-11-25T08:28:03.0377Z,,,,,,,,,,,,,,,,,,,,,,,,,,,,,,CXOAnm4uu6Ggwrtynf,192.168.169.130,54417,192.168.169.2,53,,,,,,,,,,,,,,,,,,,,,,,,,udp,,,,,,,,,,,,,,,,,,,,,,,,,,37435,3.806ms,in.archive.ubuntu.com,1,C_INTERNET,1,A,0,NOERROR,false,false,true,true,0,"[""91.189.91.82"",""91.189.91.81"",""185.125.190.36"",""185.125.190.39"",""91.189.91.83""]","[5s,5s,5s,5s,5s]",false,,,,,,,,,,,,,,,,,,,,,,,,,,,,,,,,,,,,,,,,,,,,,,,,,,,,,,,,,,,,,,,,,,,,,,,,,,,,,,,,,,,,,
conn,2023-11-25T08:28:03.02381Z,,,,,,,,,,,,,,,,,,,,,,,,,,,,,,CvLORz1NTGmsWJr3Qk,192.168.169.130,56173,192.168.169.2,53,,,,,,,,,,,,,,,,,,,,,,,,,udp,dns,6.251ms,50,111,SF,,,0,Dd,1,78,1,139,,,,,,,,,,,,1:ot/y72jPEMxObMTg3P3B80UFoNY=,,,,,,,,,,,,,,,,,,,,,,,,,,,,,,,,,,,,,,,,,,,,,,,,,,,,,,,,,,,,,,,,,,,,,,,,,,,,,,,,,,,,,,,,,,,,,,,,,,,,,,
dns,2023-11-25T08:28:03.02381Z,,,,,,,,,,,,,,,,,,,,,,,,,,,,,,CvLORz1NTGmsWJr3Qk,192.168.169.130,56173,192.168.169.2,53,,,,,,,,,,,,,,,,,,,,,,,,,udp,,,,,,,,,,,,,,,,,,,,,,,,,,38104,,_http._tcp.in.archive.ubuntu.com,1,C_INTERNET,33,SRV,0,NOERROR,false,false,true,false,0,,,false,,,,,,,,,,,,,,,,,,,,,,,,,,,,,,,,,,,,,,,,,,,,,,,,,,,,,,,,,,,,,,,,,,,,,,,,,,,,,,,,,,,,,
conn,2023-11-25T08:28:03.022924Z,,,,,,,,,,,,,,,,,,,,,,,,,,,,,,CfAoEpcq0mqwwmsB7,192.168.169.130,48572,192.168.169.2,53,,,,,,,,,,,,,,,,,,,,,,,,,udp,dns,8.748ms,48,109,SF,,,0,Dd,1,76,1,137,,,,,,,,,,,,1:o1+zkdjbR2LZJkTMugqz7kpSl1E=,,,,,,,,,,,,,,,,,,,,,,,,,,,,,,,,,,,,,,,,,,,,,,,,,,,,,,,,,,,,,,,,,,,,,,,,,,,,,,,,,,,,,,,,,,,,,,,,,,,,,,
dns,2023-11-25T08:28:03.022924Z,,,,,,,,,,,,,,,,,,,,,,,,,,,,,,CfAoEpcq0mqwwmsB7,192.168.169.130,48572,192.168.169.2,53,,,,,,,,,,,,,,,,,,,,,,,,,udp,,,,,,,,,,,,,,,,,,,,,,,,,,15568,,_http._tcp.security.ubuntu.com,1,C_INTERNET,33,SRV,3,NXDOMAIN,false,false,true,false,0,,,false,,,,,,,,,,,,,,,,,,,,,,,,,,,,,,,,,,,,,,,,,,,,,,,,,,,,,,,,,,,,,,,,,,,,,,,,,,,,,,,,,,,,,
conn,2023-11-25T08:27:59.274728Z,,,,,,,,,,,,,,,,,,,,,,,,,,,,,,Cp2AsW2pmYKhamcZCj,fe80::f4a5:6fee:9e5:18f2,133,ff02::2,134,,,,,,,,,,,,,,,,,,,,,,,,,icmp,,,,,OTH,,,0,,1,48,0,0,,,,,,,,,,,,1:pHn9BY8IyNlt+h+YLASPubRz/sQ=,,,,,,,,,,,,,,,,,,,,,,,,,,,,,,,,,,,,,,,,,,,,,,,,,,,,,,,,,,,,,,,,,,,,,,,,,,,,,,,,,,,,,,,,,,,,,,,,,,,,,,
ssl,2023-11-25T08:27:55.757649Z,,,,,,,,,,,,,,,,,,,,,,,,,,,,,,Cr2Gwx4prZjrBnBjt1,192.168.169.130,46510,91.189.91.46,443,,,,,,TLSv13,,,,,,,,,,,,,,,,,,,,,,,,,,,,,,,,,,,,,,,,,,,,,,,,,,,,,,,,,,,,,,,,,,,,,,,,,,,,,,,,,,,,,,,,,,,,,,,,,,,,,,,,,,,,,,,,,,,,,,,,,,,,,,,,,,,TLS_AES_256_GCM_SHA384,secp256r1,esm.ubuntu.com,true,,,true,,,,,,,,f35ce21b44ac0b87d3266294bb1b0e20,15af977ce25de452b96affa2addb1036
conn,2023-11-25T08:27:55.482493Z,,,,,,,,,,,,,,,,,,,,,,,,,,,,,,Cr2Gwx4prZjrBnBjt1,192.168.169.130,46510,91.189.91.46,443,,,,,,,,,,,,,,,,,,,,,,,,,tcp,ssl,2.864089s,1011,4207,SF,,,0,ShADadFRf,13,1551,14,4771,,,,,,,US,MA,Boston,42.3562,-71.0631,1:xNb9VTF2b0Xj8iHDtVRVyLAOSWY=,,,,,,,,,,,,,,,,,,,,,,,,,,,,,,,,,,,,,,,,,,,,,,,,,,,,,,,,,,,,,,,,,,,,,,,,,,,,,,,,,,,,,,,,,,,,,,,,,,,,,,
conn,2023-11-25T08:27:55.474535Z,,,,,,,,,,,,,,,,,,,,,,,,,,,,,,CJeSfy2gv5kdgJg48c,192.168.169.130,41650,192.168.169.2,53,,,,,,,,,,,,,,,,,,,,,,,,,udp,dns,7.012ms,32,172,SF,,,0,Dd,1,60,1,200,,,,,,,,,,,,1:aXrgre1Ri8Ss4k9pJ1BiUNO47ZU=,,,,,,,,,,,,,,,,,,,,,,,,,,,,,,,,,,,,,,,,,,,,,,,,,,,,,,,,,,,,,,,,,,,,,,,,,,,,,,,,,,,,,,,,,,,,,,,,,,,,,,
dns,2023-11-25T08:27:55.474535Z,,,,,,,,,,,,,,,,,,,,,,,,,,,,,,CJeSfy2gv5kdgJg48c,192.168.169.130,41650,192.168.169.2,53,,,,,,,,,,,,,,,,,,,,,,,,,udp,,,,,,,,,,,,,,,,,,,,,,,,,,3701,7.012ms,esm.ubuntu.com,1,C_INTERNET,28,AAAA,0,NOERROR,false,false,true,true,0,"[""2620:2d:4000:1::30"",""2001:67c:1562::21"",""2620:2d:4000:1::2f"",""2001:67c:1562::22"",""2620:2d:4000:1::2e""]","[5s,5s,5s,5s,5s]",false,,,,,,,,,,,,,,,,,,,,,,,,,,,,,,,,,,,,,,,,,,,,,,,,,,,,,,,,,,,,,,,,,,,,,,,,,,,,,,,,,,,,,
conn,2023-11-25T08:27:55.473988Z,,,,,,,,,,,,,,,,,,,,,,,,,,,,,,CwocmO0XY3HNzePsf,192.168.169.130,35909,192.168.169.2,53,,,,,,,,,,,,,,,,,,,,,,,,,udp,dns,3.435ms,32,112,SF,,,0,Dd,1,60,1,140,,,,,,,,,,,,1:Ec18wd7eJHyjocgZ/QDKzsMpQT0=,,,,,,,,,,,,,,,,,,,,,,,,,,,,,,,,,,,,,,,,,,,,,,,,,,,,,,,,,,,,,,,,,,,,,,,,,,,,,,,,,,,,,,,,,,,,,,,,,,,,,,
dns,2023-11-25T08:27:55.473988Z,,,,,,,,,,,,,,,,,,,,,,,,,,,,,,CwocmO0XY3HNzePsf,192.168.169.130,35909,192.168.169.2,53,,,,,,,,,,,,,,,,,,,,,,,,,udp,,,,,,,,,,,,,,,,,,,,,,,,,,30824,3.435ms,esm.ubuntu.com,1,C_INTERNET,1,A,0,NOERROR,false,false,true,true,0,"[""91.189.91.46"",""185.125.190.23"",""91.189.91.47"",""185.125.190.24"",""185.125.190.75""]","[5s,5s,5s,5s,5s]",false,,,,,,,,,,,,,,,,,,,,,,,,,,,,,,,,,,,,,,,,,,,,,,,,,,,,,,,,,,,,,,,,,,,,,,,,,,,,,,,,,,,,,
conn,2023-11-25T08:27:55.464472Z,,,,,,,,,,,,,,,,,,,,,,,,,,,,,,COhHYp1LvtEIIWumE5,192.168.169.130,48512,192.168.169.2,53,,,,,,,,,,,,,,,,,,,,,,,,,udp,dns,7.456ms,44,105,SF,,,0,Dd,1,72,1,133,,,,,,,,,,,,1:nkwCmaiByRDcBi0rpg19Mn4rVL4=,,,,,,,,,,,,,,,,,,,,,,,,,,,,,,,,,,,,,,,,,,,,,,,,,,,,,,,,,,,,,,,,,,,,,,,,,,,,,,,,,,,,,,,,,,,,,,,,,,,,,,
dns,2023-11-25T08:27:55.464472Z,,,,,,,,,,,,,,,,,,,,,,,,,,,,,,COhHYp1LvtEIIWumE5,192.168.169.130,48512,192.168.169.2,53,,,,,,,,,,,,,,,,,,,,,,,,,udp,,,,,,,,,,,,,,,,,,,,,,,,,,27426,,_https._tcp.esm.ubuntu.com,1,C_INTERNET,33,SRV,3,NXDOMAIN,false,false,true,false,0,,,false,,,,,,,,,,,,,,,,,,,,,,,,,,,,,,,,,,,,,,,,,,,,,,,,,,,,,,,,,,,,,,,,,,,,,,,,,,,,,,,,,,,,,
conn,2023-11-25T08:27:54.803408Z,,,,,,,,,,,,,,,,,,,,,,,,,,,,,,CElkX34jHCg4wAkvbj,192.168.169.130,38258,185.125.188.58,443,,,,,,,,,,,,,,,,,,,,,,,,,tcp,,1.128ms,24,24,SF,,,0,^fDaF,2,104,3,144,,,,,,,GB,,,51.4964,-0.1224,1:TKNN44e24GhlPP4VttM2mVGV3Jc=,,,,,,,,,,,,,,,,,,,,,,,,,,,,,,,,,,,,,,,,,,,,,,,,,,,,,,,,,,,,,,,,,,,,,,,,,,,,,,,,,,,,,,,,,,,,,,,,,,,,,,
conn,2023-11-25T08:27:54.481639Z,,,,,,,,,,,,,,,,,,,,,,,,,,,,,,CdHwNk1BqHWF3YQmWj,192.168.169.130,53377,192.168.169.2,53,,,,,,,,,,,,,,,,,,,,,,,,,udp,dns,3.609ms,37,177,SF,,,0,Dd,1,65,1,205,,,,,,,,,,,,1:A1tVtxTpHXdIqyw+TD2dMbNBVZM=,,,,,,,,,,,,,,,,,,,,,,,,,,,,,,,,,,,,,,,,,,,,,,,,,,,,,,,,,,,,,,,,,,,,,,,,,,,,,,,,,,,,,,,,,,,,,,,,,,,,,,
dns,2023-11-25T08:27:54.481639Z,,,,,,,,,,,,,,,,,,,,,,,,,,,,,,CdHwNk1BqHWF3YQmWj,192.168.169.130,53377,192.168.169.2,53,,,,,,,,,,,,,,,,,,,,,,,,,udp,,,,,,,,,,,,,,,,,,,,,,,,,,10325,3.609ms,security.ubuntu.com,1,C_INTERNET,28,AAAA,0,NOERROR,false,false,true,true,0,"[""2620:2d:4000:1::16"",""2620:2d:4002:1::102"",""2620:2d:4002:1::103"",""2620:2d:4000:1::19"",""2620:2d:4002:1::101""]","[5s,5s,5s,5s,5s]",false,,,,,,,,,,,,,,,,,,,,,,,,,,,,,,,,,,,,,,,,,,,,,,,,,,,,,,,,,,,,,,,,,,,,,,,,,,,,,,,,,,,,,
conn,2023-11-25T08:27:54.481156Z,,,,,,,,,,,,,,,,,,,,,,,,,,,,,,CycbBG1qm6CDI0KwX6,192.168.169.130,35487,192.168.169.2,53,,,,,,,,,,,,,,,,,,,,,,,,,udp,dns,196.407ms,37,117,SF,,,0,Dd,1,65,1,145,,,,,,,,,,,,1:LuS4z2kMCJ9dn5goxM0iTuvZAZ8=,,,,,,,,,,,,,,,,,,,,,,,,,,,,,,,,,,,,,,,,,,,,,,,,,,,,,,,,,,,,,,,,,,,,,,,,,,,,,,,,,,,,,,,,,,,,,,,,,,,,,,
dns,2023-11-25T08:27:54.481156Z,,,,,,,,,,,,,,,,,,,,,,,,,,,,,,CycbBG1qm6CDI0KwX6,192.168.169.130,35487,192.168.169.2,53,,,,,,,,,,,,,,,,,,,,,,,,,udp,,,,,,,,,,,,,,,,,,,,,,,,,,8197,196.407ms,security.ubuntu.com,1,C_INTERNET,1,A,0,NOERROR,false,false,true,true,0,"[""91.189.91.81"",""185.125.190.36"",""185.125.190.39"",""91.189.91.83"",""91.189.91.82""]","[5s,5s,5s,5s,5s]",false,,,,,,,,,,,,,,,,,,,,,,,,,,,,,,,,,,,,,,,,,,,,,,,,,,,,,,,,,,,,,,,,,,,,,,,,,,,,,,,,,,,,,
conn,2023-11-25T08:27:54.459536Z,,,,,,,,,,,,,,,,,,,,,,,,,,,,,,CzVNNyBcrXittIKf,192.168.169.130,59167,192.168.169.2,53,,,,,,,,,,,,,,,,,,,,,,,,,udp,dns,6.559ms,48,109,SF,,,0,Dd,1,76,1,137,,,,,,,,,,,,1:kKozE+wE8fvxLHs2QLWIad3WJx4=,,,,,,,,,,,,,,,,,,,,,,,,,,,,,,,,,,,,,,,,,,,,,,,,,,,,,,,,,,,,,,,,,,,,,,,,,,,,,,,,,,,,,,,,,,,,,,,,,,,,,,
dns,2023-11-25T08:27:54.459536Z,,,,,,,,,,,,,,,,,,,,,,,,,,,,,,CzVNNyBcrXittIKf,192.168.169.130,59167,192.168.169.2,53,,,,,,,,,,,,,,,,,,,,,,,,,udp,,,,,,,,,,,,,,,,,,,,,,,,,,23632,,_http._tcp.security.ubuntu.com,1,C_INTERNET,33,SRV,3,NXDOMAIN,false,false,true,false,0,,,false,,,,,,,,,,,,,,,,,,,,,,,,,,,,,,,,,,,,,,,,,,,,,,,,,,,,,,,,,,,,,,,,,,,,,,,,,,,,,,,,,,,,,
stats,2023-11-25T08:27:51.437438Z,,zeek,,,,0,1,2448,,,,424,12,1,0,0,1,0,0,43,37,0,0,0,0,2418,0,0,0,,,,,,,,,,,,,,,,,,,,,,,,,,,,,,,,,,,,,,,,,,,,,,,,,,,,,,,,,,,,,,,,,,,,,,,,,,,,,,,,,,,,,,,,,,,,,,,,,,,,,,,,,,,,,,,,,,,,,,,,,,,,,,,,,,,,,,,,,,,,,,,,,,,,,,,,,,,,,
conn,2023-11-25T08:27:51.437438Z,,,,,,,,,,,,,,,,,,,,,,,,,,,,,,CSPu223w8xht3dhkgj,192.168.169.130,38250,185.125.188.58,443,,,,,,,,,,,,,,,,,,,,,,,,,tcp,,9.390506s,9910,75152,SF,,,0,DadAfF,14,10470,19,75912,,,,,,,GB,,,51.4964,-0.1224,1:PIOYBkfaINhuXszdYYwXFwVul8I=,,,,,,,,,,,,,,,,,,,,,,,,,,,,,,,,,,,,,,,,,,,,,,,,,,,,,,,,,,,,,,,,,,,,,,,,,,,,,,,,,,,,,,,,,,,,,,,,,,,,,,
