_path,ts,ts_delta,peer,gaps,acks,percent_lost,mem,pkts_proc,bytes_recv,pkts_dropped,pkts_link,pkt_lag,events_proc,events_queued,active_tcp_conns,active_udp_conns,active_icmp_conns,tcp_conns,udp_conns,icmp_conns,timers,active_timers,files,active_files,dns_requests,active_dns_requests,reassem_tcp_size,reassem_file_size,reassem_frag_size,reassem_unknown_size,uid,id.orig_h,id.orig_p,id.resp_h,id.resp_p,version,cipher,curve,server_name,resumed,last_alert,next_protocol,established,cert_chain_fuids,client_cert_chain_fuids,subject,issuer,client_subject,client_issuer,validation_status,ja3,ja3s,proto,service,duration,orig_bytes,resp_bytes,conn_state,local_orig,local_resp,missed_bytes,history,orig_pkts,orig_ip_bytes,resp_pkts,resp_ip_bytes,tunnel_parents,geo.orig.country_code,geo.orig.region,geo.orig.city,geo.orig.latitude,geo.orig.longitude,geo.resp.country_code,geo.resp.region,geo.resp.city,geo.resp.latitude,geo.resp.longitude,community_id,trans_id,rtt,query,qclass,qclass_name,qtype,qtype_name,rcode,rcode_name,AA,TC,RD,RA,Z,answers,TTLs,rejected,uids,client_addr,server_addr,mac,host_name,client_fqdn,domain,requested_addr,assigned_addr,lease_time,client_message,server_message,msg_types,trans_depth,method,host,uri,referrer,user_agent,origin,request_body_len,response_body_len,status_code,status_msg,info_code,info_msg,tags,username,password,proxied,orig_fuids,orig_filenames,orig_mime_types,resp_fuids,resp_filenames,resp_mime_types,event_type,src_ip,src_port,dest_ip,dest_port,vlan,app_proto,alert.severity,alert.signature,alert.category,alert.action,alert.signature_id,alert.gid,alert.rev,alert.metadata.signature_severity,alert.metadata.former_category,alert.metadata.attack_target,alert.metadata.deployment,alert.metadata.affected_product,alert.metadata.created_at,alert.metadata.performance_impact,alert.metadata.updated_at,alert.metadata.malware_family,alert.metadata.tag,flow_id,pcap_cnt,tx_id,icmp_code,icmp_type,tunnel.src_ip,tunnel.src_port,tunnel.dest_ip,tunnel.dest_port,tunnel.proto,tunnel.depth,mode,stratum,poll,precision,root_delay,root_disp,ref_id,ref_time,org_time,rec_time,xmt_time,num_exts
capture_loss,2023-11-25T19:06:17.641211Z,6.192114s,zeek,0,10,0,,,,,,,,,,,,,,,,,,,,,,,,,,,,,,,,,,,,,,,,,,,,,,,,,,,,,,,,,,,,,,,,,,,,,,,,,,,,,,,,,,,,,,,,,,,,,,,,,,,,,,,,,,,,,,,,,,,,,,,,,,,,,,,,,,,,,,,,,,,,,,,,,,,,,,,,,,,,,,,,,,,,,,,,,,,,
stats,2023-11-25T19:06:17.641211Z,,zeek,,,,0,34,6306,,,,59,59,2,2,1,1,1,0,14,0,0,0,0,0,0,0,0,0,,,,,,,,,,,,,,,,,,,,,,,,,,,,,,,,,,,,,,,,,,,,,,,,,,,,,,,,,,,,,,,,,,,,,,,,,,,,,,,,,,,,,,,,,,,,,,,,,,,,,,,,,,,,,,,,,,,,,,,,,,,,,,,,,,,,,,,,,,,,,,,,,,,,
ssl,2023-11-25T19:06:17.548316Z,,,,,,,,,,,,,,,,,,,,,,,,,,,,,,CrNDQ82jtKEsJQvYl3,192.168.169.135,58866,142.250.194.234,443,TLSv13,TLS_AES_128_GCM_SHA256,x25519,safebrowsing.googleapis.com,true,,,true,,,,,,,,02aa4679df284f240695da144b70c288,2b0648ab686ee45e0e7c35fcfb0eea7e,,,,,,,,,,,,,,,,,,,,,,,,,,,,,,,,,,,,,,,,,,,,,,,,,,,,,,,,,,,,,,,,,,,,,,,,,,,,,,,,,,,,,,,,,,,,,,,,,,,,,,,,,,,,,,,,,,,,,,,,,,,,,,
conn,2023-11-25T19:06:17.526951Z,,,,,,,,,,,,,,,,,,,,,,,,,,,,,,CrNDQ82jtKEsJQvYl3,192.168.169.135,58866,142.250.194.234,443,,,,,,,,,,,,,,,,,,tcp,ssl,113.024ms,1614,2680,SF,,,0,ShADadFf,12,2114,12,3164,,,,,,,US,,,37.751,-97.822,1:jWW/YYwlNCNXhqBJggVnj4fldOE=,,,,,,,,,,,,,,,,,,,,,,,,,,,,,,,,,,,,,,,,,,,,,,,,,,,,,,,,,,,,,,,,,,,,,,,,,,,,,,,,,,,,,,,,,,,,,,,,,,,,
conn,2023-11-25T19:06:17.513568Z,,,,,,,,,,,,,,,,,,,,,,,,,,,,,,CdNWkB13FYN6Uv2Tgb,192.168.169.135,60846,192.168.169.2,53,,,,,,,,,,,,,,,,,,udp,dns,9.461ms,45,61,SF,,,0,Dd,1,73,1,89,,,,,,,,,,,,1:NUnLR4D3SjEJnxNbYYR96J+wgig=,,,,,,,,,,,,,,,,,,,,,,,,,,,,,,,,,,,,,,,,,,,,,,,,,,,,,,,,,,,,,,,,,,,,,,,,,,,,,,,,,,,,,,,,,,,,,,,,,,,,
dns,2023-11-25T19:06:17.513568Z,,,,,,,,,,,,,,,,,,,,,,,,,,,,,,CdNWkB13FYN6Uv2Tgb,192.168.169.135,60846,192.168.169.2,53,,,,,,,,,,,,,,,,,,udp,,,,,,,,,,,,,,,,,,,,,,,,,,31117,9.461ms,safebrowsing.googleapis.com,1,C_INTERNET,1,A,0,NOERROR,false,false,true,true,0,"[""142.250.194.234""]",[5s],false,,,,,,,,,,,,,,,,,,,,,,,,,,,,,,,,,,,,,,,,,,,,,,,,,,,,,,,,,,,,,,,,,,,,,,,,,,,,,,,,,,,
capture_loss,2023-11-25T19:06:11.449097Z,15m15.999163s,zeek,0,44,0,,,,,,,,,,,,,,,,,,,,,,,,,,,,,,,,,,,,,,,,,,,,,,,,,,,,,,,,,,,,,,,,,,,,,,,,,,,,,,,,,,,,,,,,,,,,,,,,,,,,,,,,,,,,,,,,,,,,,,,,,,,,,,,,,,,,,,,,,,,,,,,,,,,,,,,,,,,,,,,,,,,,,,,,,,,,
stats,2023-11-25T19:06:11.449097Z,,zeek,,,,0,119,32261,,,,196,196,1,2,1,3,11,6,405,42,0,0,0,0,0,0,0,0,,,,,,,,,,,,,,,,,,,,,,,,,,,,,,,,,,,,,,,,,,,,,,,,,,,,,,,,,,,,,,,,,,,,,,,,,,,,,,,,,,,,,,,,,,,,,,,,,,,,,,,,,,,,,,,,,,,,,,,,,,,,,,,,,,,,,,,,,,,,,,,,,,,,
conn,2023-11-25T19:06:11.449097Z,,,,,,,,,,,,,,,,,,,,,,,,,,,,,,CfURdB43PvB3PosW2a,fe80::8615:1c35:aa8:3f74,135,ff02::1:ff6c:ae6a,136,,,,,,,,,,,,,,,,,,icmp,,,,,OTH,,,0,,1,72,0,0,,,,,,,,,,,,1:Xv8tSW9Z9eKJl3Q3MO4QbmK9qVk=,,,,,,,,,,,,,,,,,,,,,,,,,,,,,,,,,,,,,,,,,,,,,,,,,,,,,,,,,,,,,,,,,,,,,,,,,,,,,,,,,,,,,,,,,,,,,,,,,,,,
conn,2023-11-25T19:05:49.26553Z,,,,,,,,,,,,,,,,,,,,,,,,,,,,,,CJvEW22sYt2ORVHsag,192.168.169.1,60255,239.255.255.250,1900,,,,,,,,,,,,,,,,,,udp,,3.00414s,700,0,S0,,,0,D,4,812,0,0,,,,,,,,,,,,1:vZ6nCty1JSwkdU0hr36A+aSBC8I=,,,,,,,,,,,,,,,,,,,,,,,,,,,,,,,,,,,,,,,,,,,,,,,,,,,,,,,,,,,,,,,,,,,,,,,,,,,,,,,,,,,,,,,,,,,,,,,,,,,,
dhcp,2023-11-25T19:05:19.847947Z,,,,,,,,,,,,,,,,,,,,,,,,,,,,,,,,,,,,,,,,,,,,,,,,,,,,,,397us,,,,,,,,,,,,,,,,,,,,,,,,,,,,,,,,,,,,,,,,,"|[""Cs9TJi2puN1kpCm0j7""]|",192.168.169.136,192.168.169.254,00:0c:29:ab:88:8f,,,localdomain,,192.168.169.136,30m,,,"[""REQUEST"",""ACK""]",,,,,,,,,,,,,,,,,,,,,,,,,,,,,,,,,,,,,,,,,,,,,,,,,,,,,,,,,,,,,,,,,,,,,,
conn,2023-11-25T19:05:19.847947Z,,,,,,,,,,,,,,,,,,,,,,,,,,,,,,Cs9TJi2puN1kpCm0j7,192.168.169.136,68,192.168.169.254,67,,,,,,,,,,,,,,,,,,udp,dhcp,397us,300,300,SF,,,0,Dd,1,328,1,328,,,,,,,,,,,,1:Dst/eD4MswUachYQ6vclfiThj+Q=,,,,,,,,,,,,,,,,,,,,,,,,,,,,,,,,,,,,,,,,,,,,,,,,,,,,,,,,,,,,,,,,,,,,,,,,,,,,,,,,,,,,,,,,,,,,,,,,,,,,
conn,2023-11-25T19:05:10.448942Z,,,,,,,,,,,,,,,,,,,,,,,,,,,,,,C0k2us20hxRxjkJwdl,fe80::8615:1c35:aa8:3f74,135,ff02::1:ff6c:ae6a,136,,,,,,,,,,,,,,,,,,icmp,,,,,OTH,,,0,,1,72,0,0,,,,,,,,,,,,1:Xv8tSW9Z9eKJl3Q3MO4QbmK9qVk=,,,,,,,,,,,,,,,,,,,,,,,,,,,,,,,,,,,,,,,,,,,,,,,,,,,,,,,,,,,,,,,,,,,,,,,,,,,,,,,,,,,,,,,,,,,,,,,,,,,,
conn,2023-11-25T19:04:30.957289Z,,,,,,,,,,,,,,,,,,,,,,,,,,,,,,CjixPu3mxw2CfOBKHd,fe80::f4a5:6fee:9e5:18f2,1900,ff02::c,1900,,,,,,,,,,,,,,,,,,udp,,2.076125s,6573,0,S0,,,0,D,18,7437,0,0,,,,,,,,,,,,1:qfllzrGKueBMipOw37BKBrg7Iug=,,,,,,,,,,,,,,,,,,,,,,,,,,,,,,,,,,,,,,,,,,,,,,,,,,,,,,,,,,,,,,,,,,,,,,,,,,,,,,,,,,,,,,,,,,,,,,,,,,,,
conn,2023-11-25T19:04:30.955657Z,,,,,,,,,,,,,,,,,,,,,,,,,,,,,,CALD33ECgIHsqatJ,::1,1900,ff05::c,1900,,,,,,,,,,,,,,,,,,udp,,2.077536s,6195,0,S0,,,0,D,18,7059,0,0,,,,,,,,,,,,1:W0iDTDFAXzrLIbP9EesaHI5SzLM=,,,,,,,,,,,,,,,,,,,,,,,,,,,,,,,,,,,,,,,,,,,,,,,,,,,,,,,,,,,,,,,,,,,,,,,,,,,,,,,,,,,,,,,,,,,,,,,,,,,,
conn,2023-11-25T19:04:30.954588Z,,,,,,,,,,,,,,,,,,,,,,,,,,,,,,CUrGoe2TUpYP5wIPXh,192.168.169.130,1900,239.255.255.250,1900,,,,,,,,,,,,,,,,,,udp,,2.078357s,6483,0,S0,,,0,D,18,6987,0,0,,,,,,,,,,,,1:zaLswIA/zoWRB2+w6YaqAHZFiwo=,,,,,,,,,,,,,,,,,,,,,,,,,,,,,,,,,,,,,,,,,,,,,,,,,,,,,,,,,,,,,,,,,,,,,,,,,,,,,,,,,,,,,,,,,,,,,,,,,,,,
conn,2023-11-25T19:04:09.451053Z,,,,,,,,,,,,,,,,,,,,,,,,,,,,,,Cjd7SE36PEfkFRT4Wb,fe80::8615:1c35:aa8:3f74,135,ff02::1:ff6c:ae6a,136,,,,,,,,,,,,,,,,,,icmp,,,,,OTH,,,0,,1,72,0,0,,,,,,,,,,,,1:Xv8tSW9Z9eKJl3Q3MO4QbmK9qVk=,,,,,,,,,,,,,,,,,,,,,,,,,,,,,,,,,,,,,,,,,,,,,,,,,,,,,,,,,,,,,,,,,,,,,,,,,,,,,,,,,,,,,,,,,,,,,,,,,,,,
conn,2023-11-25T19:03:49.270637Z,,,,,,,,,,,,,,,,,,,,,,,,,,,,,,CCxjTv3aU0qJLvw48f,192.168.169.1,58968,239.255.255.250,1900,,,,,,,,,,,,,,,,,,udp,,3.005808s,700,0,S0,,,0,D,4,812,0,0,,,,,,,,,,,,1:ay8YNxDnCBnysOS+SS1JtZpjhF8=,,,,,,,,,,,,,,,,,,,,,,,,,,,,,,,,,,,,,,,,,,,,,,,,,,,,,,,,,,,,,,,,,,,,,,,,,,,,,,,,,,,,,,,,,,,,,,,,,,,,
http,2023-11-25T19:03:39.279634Z,,,,,,,,,,,,,,,,,,,,,,,,,,,,,,CFTWPlendYiVEgTif,192.168.169.130,37008,185.125.190.48,80,1.1,,,,,,,,,,,,,,,,,,,,,,,,,,,,,,,,,,,,,,,,,,,,,,,,,,,,,,,,,,,,,,,,,,,,,,,,,1,GET,connectivity-check.ubuntu.com,/,,,,0,0,204,No Content,,,|[]|,,,,,,,,,,,,,,,,,,,,,,,,,,,,,,,,,,,,,,,,,,,,,,,,,,,,,,,,
conn,2023-11-25T19:03:39.059129Z,,,,,,,,,,,,,,,,,,,,,,,,,,,,,,CFTWPlendYiVEgTif,192.168.169.130,37008,185.125.190.48,80,,,,,,,,,,,,,,,,,,tcp,http,378.709ms,87,189,SF,,,0,ShADadfF,6,347,5,393,,,,,,,GB,,,51.4964,-0.1224,1:jwVLO32SAh4zAATR35YZmHdBzNw=,,,,,,,,,,,,,,,,,,,,,,,,,,,,,,,,,,,,,,,,,,,,,,,,,,,,,,,,,,,,,,,,,,,,,,,,,,,,,,,,,,,,,,,,,,,,,,,,,,,,
conn,2023-11-25T19:03:39.042563Z,,,,,,,,,,,,,,,,,,,,,,,,,,,,,,CJiKht1YdMOu719z5i,192.168.169.130,59241,192.168.169.2,53,,,,,,,,,,,,,,,,,,udp,dns,11.425ms,47,191,SF,,,0,Dd,1,75,1,219,,,,,,,,,,,,1:z9MMzVtxNIHKfZuGMIqi+IbLVDo=,,,,,,,,,,,,,,,,,,,,,,,,,,,,,,,,,,,,,,,,,,,,,,,,,,,,,,,,,,,,,,,,,,,,,,,,,,,,,,,,,,,,,,,,,,,,,,,,,,,,
dns,2023-11-25T19:03:39.042563Z,,,,,,,,,,,,,,,,,,,,,,,,,,,,,,CJiKht1YdMOu719z5i,192.168.169.130,59241,192.168.169.2,53,,,,,,,,,,,,,,,,,,udp,,,,,,,,,,,,,,,,,,,,,,,,,,54854,11.425ms,connectivity-check.ubuntu.com,1,C_INTERNET,1,A,0,NOERROR,false,false,true,true,0,"[""185.125.190.48"",""91.189.91.48"",""185.125.190.17"",""34.122.121.32"",""185.125.190.18"",""35.224.170.84"",""35.232.111.17"",""91.189.91.49"",""185.125.190.49""]","[5s,5s,5s,5s,5s,5s,5s,5s,5s]",false,,,,,,,,,,,,,,,,,,,,,,,,,,,,,,,,,,,,,,,,,,,,,,,,,,,,,,,,,,,,,,,,,,,,,,,,,,,,,,,,,,,
conn,2023-11-25T19:03:08.45198Z,,,,,,,,,,,,,,,,,,,,,,,,,,,,,,CihrIv3EML1gnmfK5d,fe80::8615:1c35:aa8:3f74,135,ff02::1:ff6c:ae6a,136,,,,,,,,,,,,,,,,,,icmp,,,,,OTH,,,0,,1,72,0,0,,,,,,,,,,,,1:Xv8tSW9Z9eKJl3Q3MO4QbmK9qVk=,,,,,,,,,,,,,,,,,,,,,,,,,,,,,,,,,,,,,,,,,,,,,,,,,,,,,,,,,,,,,,,,,,,,,,,,,,,,,,,,,,,,,,,,,,,,,,,,,,,,
conn,2023-11-25T19:02:07.449311Z,,,,,,,,,,,,,,,,,,,,,,,,,,,,,,CGUQtA2eS6BBAW80S3,fe80::8615:1c35:aa8:3f74,135,ff02::1:ff6c:ae6a,136,,,,,,,,,,,,,,,,,,icmp,,,,,OTH,,,0,,1,72,0,0,,,,,,,,,,,,1:Xv8tSW9Z9eKJl3Q3MO4QbmK9qVk=,,,,,,,,,,,,,,,,,,,,,,,,,,,,,,,,,,,,,,,,,,,,,,,,,,,,,,,,,,,,,,,,,,,,,,,,,,,,,,,,,,,,,,,,,,,,,,,,,,,,
conn,2023-11-25T19:01:49.260362Z,,,,,,,,,,,,,,,,,,,,,,,,,,,,,,CpCbIc3MXwNLAoDLZe,192.168.169.1,57314,239.255.255.250,1900,,,,,,,,,,,,,,,,,,udp,,3.004032s,700,0,S0,,,0,D,4,812,0,0,,,,,,,,,,,,1:PpmqHi/dmHnvS5rmGUn3pdjP4jo=,,,,,,,,,,,,,,,,,,,,,,,,,,,,,,,,,,,,,,,,,,,,,,,,,,,,,,,,,,,,,,,,,,,,,,,,,,,,,,,,,,,,,,,,,,,,,,,,,,,,
conn,2023-11-25T19:01:45.273607Z,,,,,,,,,,,,,,,,,,,,,,,,,,,,,,CNLqWq3ZwlBTCM3nyl,192.168.169.130,50644,192.168.169.2,53,,,,,,,,,,,,,,,,,,udp,dns,9.516ms,47,215,SF,,,0,Dd,1,75,1,243,,,,,,,,,,,,1:4rUwcFu5ZoSkVl3t0moEXbbbPHA=,,,,,,,,,,,,,,,,,,,,,,,,,,,,,,,,,,,,,,,,,,,,,,,,,,,,,,,,,,,,,,,,,,,,,,,,,,,,,,,,,,,,,,,,,,,,,,,,,,,,
dns,2023-11-25T19:01:45.273607Z,,,,,,,,,,,,,,,,,,,,,,,,,,,,,,CNLqWq3ZwlBTCM3nyl,192.168.169.130,50644,192.168.169.2,53,,,,,,,,,,,,,,,,,,udp,,,,,,,,,,,,,,,,,,,,,,,,,,7242,9.516ms,connectivity-check.ubuntu.com,1,C_INTERNET,28,AAAA,0,NOERROR,false,false,true,true,0,"[""2001:67c:1562::23"",""2001:67c:1562::24"",""2620:2d:4000:1::2a"",""2620:2d:4000:1::23"",""2620:2d:4000:1::22"",""2620:2d:4000:1::2b""]","[5s,5s,5s,5s,5s,5s]",false,,,,,,,,,,,,,,,,,,,,,,,,,,,,,,,,,,,,,,,,,,,,,,,,,,,,,,,,,,,,,,,,,,,,,,,,,,,,,,,,,,,
ssl,2023-11-25T19:01:10.864111Z,,,,,,,,,,,,,,,,,,,,,,,,,,,,,,CXxZ8Sgqt80ZEy2uf,192.168.169.135,40534,34.107.243.93,443,TLSv13,TLS_AES_128_GCM_SHA256,x25519,push.services.mozilla.com,true,,,true,,,,,,,,c279b0189edb9269da7bc43dea5e0c36,2b0648ab686ee45e0e7c35fcfb0eea7e,,,,,,,,,,,,,,,,,,,,,,,,,,,,,,,,,,,,,,,,,,,,,,,,,,,,,,,,,,,,,,,,,,,,,,,,,,,,,,,,,,,,,,,,,,,,,,,,,,,,,,,,,,,,,,,,,,,,,,,,,,,,,,
conn,2023-11-25T19:01:10.835393Z,,,,,,,,,,,,,,,,,,,,,,,,,,,,,,CXxZ8Sgqt80ZEy2uf,192.168.169.135,40534,34.107.243.93,443,,,,,,,,,,,,,,,,,,tcp,ssl,5m717.061ms,1461,1177,S1,,,0,ShADad,10,1881,10,1581,,,,,,,US,MO,Kansas City,39.1028,-94.5778,1:3EDxS2q6btc3KYZHQPFC2Q3IZWU=,,,,,,,,,,,,,,,,,,,,,,,,,,,,,,,,,,,,,,,,,,,,,,,,,,,,,,,,,,,,,,,,,,,,,,,,,,,,,,,,,,,,,,,,,,,,,,,,,,,,
conn,2023-11-25T19:01:10.823471Z,,,,,,,,,,,,,,,,,,,,,,,,,,,,,,CBLUGU34sQsuoasMPk,192.168.169.135,38656,192.168.169.2,53,,,,,,,,,,,,,,,,,,udp,dns,3.554ms,43,97,SF,,,0,Dd,1,71,1,125,,,,,,,,,,,,1:NYqmqlW0BbNHFxFuzrv4EdUSaZc=,,,,,,,,,,,,,,,,,,,,,,,,,,,,,,,,,,,,,,,,,,,,,,,,,,,,,,,,,,,,,,,,,,,,,,,,,,,,,,,,,,,,,,,,,,,,,,,,,,,,
dns,2023-11-25T19:01:10.823471Z,,,,,,,,,,,,,,,,,,,,,,,,,,,,,,CBLUGU34sQsuoasMPk,192.168.169.135,38656,192.168.169.2,53,,,,,,,,,,,,,,,,,,udp,,,,,,,,,,,,,,,,,,,,,,,,,,47148,3.554ms,push.services.mozilla.com,1,C_INTERNET,1,A,0,NOERROR,false,false,true,true,0,"[""autopush.prod.mozaws.net"",""34.107.243.93""]","[5s,5s]",false,,,,,,,,,,,,,,,,,,,,,,,,,,,,,,,,,,,,,,,,,,,,,,,,,,,,,,,,,,,,,,,,,,,,,,,,,,,,,,,,,,,
dns,2023-11-25T19:01:10.804197Z,,,,,,,,,,,,,,,,,,,,,,,,,,,,,,CXUbZW1JPC3w137os2,192.168.169.135,36803,192.168.169.2,53,,,,,,,,,,,,,,,,,,udp,,,,,,,,,,,,,,,,,,,,,,,,,,23004,10.576ms,push.services.mozilla.com,1,C_INTERNET,28,AAAA,0,NOERROR,false,false,true,true,0,"[""autopush.prod.mozaws.net""]",[5s],false,,,,,,,,,,,,,,,,,,,,,,,,,,,,,,,,,,,,,,,,,,,,,,,,,,,,,,,,,,,,,,,,,,,,,,,,,,,,,,,,,,,
conn,2023-11-25T19:01:10.803963Z,,,,,,,,,,,,,,,,,,,,,,,,,,,,,,CXUbZW1JPC3w137os2,192.168.169.135,36803,192.168.169.2,53,,,,,,,,,,,,,,,,,,udp,dns,10.81ms,86,260,SF,,,0,Dd,2,142,2,316,,,,,,,,,,,,1:r03iFmJ6hLStMEi/4jJkZSIBGTs=,,,,,,,,,,,,,,,,,,,,,,,,,,,,,,,,,,,,,,,,,,,,,,,,,,,,,,,,,,,,,,,,,,,,,,,,,,,,,,,,,,,,,,,,,,,,,,,,,,,,
dns,2023-11-25T19:01:10.803963Z,,,,,,,,,,,,,,,,,,,,,,,,,,,,,,CXUbZW1JPC3w137os2,192.168.169.135,36803,192.168.169.2,53,,,,,,,,,,,,,,,,,,udp,,,,,,,,,,,,,,,,,,,,,,,,,,19395,9.617ms,push.services.mozilla.com,1,C_INTERNET,1,A,0,NOERROR,false,false,true,true,0,"[""autopush.prod.mozaws.net"",""34.107.243.93""]","[5s,5s]",false,,,,,,,,,,,,,,,,,,,,,,,,,,,,,,,,,,,,,,,,,,,,,,,,,,,,,,,,,,,,,,,,,,,,,,,,,,,,,,,,,,,
conn,2023-11-25T19:01:06.452139Z,,,,,,,,,,,,,,,,,,,,,,,,,,,,,,CjliixKpWZxMSdxq9,fe80::8615:1c35:aa8:3f74,135,ff02::1:ff6c:ae6a,136,,,,,,,,,,,,,,,,,,icmp,,,,,OTH,,,0,,1,72,0,0,,,,,,,,,,,,1:Xv8tSW9Z9eKJl3Q3MO4QbmK9qVk=,,,,,,,,,,,,,,,,,,,,,,,,,,,,,,,,,,,,,,,,,,,,,,,,,,,,,,,,,,,,,,,,,,,,,,,,,,,,,,,,,,,,,,,,,,,,,,,,,,,,
conn,2023-11-25T19:01:05.782815Z,,,,,,,,,,,,,,,,,,,,,,,,,,,,,,C5DyAVCKs5FMG0Qsa,192.168.169.135,39230,34.107.243.93,443,,,,,,,,,,,,,,,,,,tcp,,,,,RSTRH,,,0,^r,0,0,1,40,,,,,,,US,MO,Kansas City,39.1028,-94.5778,1:qNfh5Gqll5+WcHqnXjrdD82o7pE=,,,,,,,,,,,,,,,,,,,,,,,,,,,,,,,,,,,,,,,,,,,,,,,,,,,,,,,,,,,,,,,,,,,,,,,,,,,,,,,,,,,,,,,,,,,,,,,,,,,,
stats,2023-11-25T19:01:05.781387Z,,zeek,,,,0,138,33845,,,,291,291,0,1,0,3,17,5,644,39,0,0,0,0,0,0,0,0,,,,,,,,,,,,,,,,,,,,,,,,,,,,,,,,,,,,,,,,,,,,,,,,,,,,,,,,,,,,,,,,,,,,,,,,,,,,,,,,,,,,,,,,,,,,,,,,,,,,,,,,,,,,,,,,,,,,,,,,,,,,,,,,,,,,,,,,,,,,,,,,,,,,
dns,2023-11-25T19:00:50.13056Z,,,,,,,,,,,,,,,,,,,,,,,,,,,,,,CJ0aiS1Nd9a4MOIrq8,192.168.169.1,137,192.168.169.255,137,,,,,,,,,,,,,,,,,,udp,,,,,,,,,,,,,,,,,,,,,,,,,,38312,,MIMI,1,C_INTERNET,32,NB,,,false,false,true,false,1,,,false,,,,,,,,,,,,,,,,,,,,,,,,,,,,,,,,,,,,,,,,,,,,,,,,,,,,,,,,,,,,,,,,,,,,,,,,,,,,,,,,,,,
dns,2023-11-25T19:00:49.379852Z,,,,,,,,,,,,,,,,,,,,,,,,,,,,,,CJ0aiS1Nd9a4MOIrq8,192.168.169.1,137,192.168.169.255,137,,,,,,,,,,,,,,,,,,udp,,,,,,,,,,,,,,,,,,,,,,,,,,38312,,MIMI,1,C_INTERNET,32,NB,,,false,false,true,false,1,,,false,,,,,,,,,,,,,,,,,,,,,,,,,,,,,,,,,,,,,,,,,,,,,,,,,,,,,,,,,,,,,,,,,,,,,,,,,,,,,,,,,,,
conn,2023-11-25T19:00:48.6277Z,,,,,,,,,,,,,,,,,,,,,,,,,,,,,,CJ0aiS1Nd9a4MOIrq8,192.168.169.1,137,192.168.169.255,137,,,,,,,,,,,,,,,,,,udp,dns,1.50286s,150,0,S0,,,0,D,3,234,0,0,,,,,,,,,,,,1:JuzAHoPbO8pa8tzncfVfbvIQYOs=,,,,,,,,,,,,,,,,,,,,,,,,,,,,,,,,,,,,,,,,,,,,,,,,,,,,,,,,,,,,,,,,,,,,,,,,,,,,,,,,,,,,,,,,,,,,,,,,,,,,
dns,2023-11-25T19:00:48.6277Z,,,,,,,,,,,,,,,,,,,,,,,,,,,,,,CJ0aiS1Nd9a4MOIrq8,192.168.169.1,137,192.168.169.255,137,,,,,,,,,,,,,,,,,,udp,,,,,,,,,,,,,,,,,,,,,,,,,,38312,,MIMI,1,C_INTERNET,32,NB,,,false,false,true,false,1,,,false,,,,,,,,,,,,,,,,,,,,,,,,,,,,,,,,,,,,,,,,,,,,,,,,,,,,,,,,,,,,,,,,,,,,,,,,,,,,,,,,,,,
,2023-11-25T19:00:33.372797Z,,,,,,,,,,,,,,,,,,,,,,,,,,,,,,,,,,,,,,,,,,,,,,,,,,,,UDP,,,,,,,,,,,,,,,,,,,,,,,,,1:knLD6w251SGQ6noK1c58kAjGmmM=,,,,,,,,,,,,,,,,,,,,,,,,,,,,,,,,,,,,,,,,,,,,,,,,,,,,,,alert,192.168.169.135,68,192.168.169.254,67,,dhcp,1,ET POLICY Possible Kali Linux hostname in DHCP Request Packet,Potential Corporate Privacy Violation,allowed,2022973,1,1,"[""Informational""]","[""POLICY""]","[""Client_Endpoint""]","[""Perimeter""]",,"[""2016_07_18""]","[""Low""]","[""2017_10_12""]",,,1307457910583357,308,,,,,,,,,,,,,,,,,,,,,
dhcp,2023-11-25T19:00:33.372797Z,,,,,,,,,,,,,,,,,,,,,,,,,,,,,,,,,,,,,,,,,,,,,,,,,,,,,,692us,,,,,,,,,,,,,,,,,,,,,,,,,,,,,,,,,,,,,,,,,"|[""CG8A0S28IZeC7gr4F2""]|",192.168.169.135,192.168.169.254,00:0c:29:46:42:f4,kali,,localdomain,,192.168.169.135,30m,,,"[""REQUEST"",""ACK""]",,,,,,,,,,,,,,,,,,,,,,,,,,,,,,,,,,,,,,,,,,,,,,,,,,,,,,,,,,,,,,,,,,,,,,
conn,2023-11-25T19:00:33.372797Z,,,,,,,,,,,,,,,,,,,,,,,,,,,,,,CG8A0S28IZeC7gr4F2,192.168.169.135,68,192.168.169.254,67,,,,,,,,,,,,,,,,,,udp,dhcp,692us,282,300,SF,,,0,Dd,1,310,1,328,,,,,,,,,,,,1:knLD6w251SGQ6noK1c58kAjGmmM=,,,,,,,,,,,,,,,,,,,,,,,,,,,,,,,,,,,,,,,,,,,,,,,,,,,,,,,,,,,,,,,,,,,,,,,,,,,,,,,,,,,,,,,,,,,,,,,,,,,,
conn,2023-11-25T19:00:05.451645Z,,,,,,,,,,,,,,,,,,,,,,,,,,,,,,C8Aoo420FCFR0fdIV7,fe80::8615:1c35:aa8:3f74,135,ff02::1:ff6c:ae6a,136,,,,,,,,,,,,,,,,,,icmp,,,,,OTH,,,0,,1,72,0,0,,,,,,,,,,,,1:Xv8tSW9Z9eKJl3Q3MO4QbmK9qVk=,,,,,,,,,,,,,,,,,,,,,,,,,,,,,,,,,,,,,,,,,,,,,,,,,,,,,,,,,,,,,,,,,,,,,,,,,,,,,,,,,,,,,,,,,,,,,,,,,,,,
dns,2023-11-25T18:59:56.801833Z,,,,,,,,,,,,,,,,,,,,,,,,,,,,,,CdlYzs2lC5RVhHt1ca,192.168.169.1,137,192.168.169.255,137,,,,,,,,,,,,,,,,,,udp,,,,,,,,,,,,,,,,,,,,,,,,,,38304,,MIMI,1,C_INTERNET,32,NB,,,false,false,true,false,1,,,false,,,,,,,,,,,,,,,,,,,,,,,,,,,,,,,,,,,,,,,,,,,,,,,,,,,,,,,,,,,,,,,,,,,,,,,,,,,,,,,,,,,
dns,2023-11-25T18:59:56.048196Z,,,,,,,,,,,,,,,,,,,,,,,,,,,,,,CdlYzs2lC5RVhHt1ca,192.168.169.1,137,192.168.169.255,137,,,,,,,,,,,,,,,,,,udp,,,,,,,,,,,,,,,,,,,,,,,,,,38304,,MIMI,1,C_INTERNET,32,NB,,,false,false,true,false,1,,,false,,,,,,,,,,,,,,,,,,,,,,,,,,,,,,,,,,,,,,,,,,,,,,,,,,,,,,,,,,,,,,,,,,,,,,,,,,,,,,,,,,,
conn,2023-11-25T18:59:55.298306Z,,,,,,,,,,,,,,,,,,,,,,,,,,,,,,CdlYzs2lC5RVhHt1ca,192.168.169.1,137,192.168.169.255,137,,,,,,,,,,,,,,,,,,udp,dns,1.503527s,150,0,S0,,,0,D,3,234,0,0,,,,,,,,,,,,1:JuzAHoPbO8pa8tzncfVfbvIQYOs=,,,,,,,,,,,,,,,,,,,,,,,,,,,,,,,,,,,,,,,,,,,,,,,,,,,,,,,,,,,,,,,,,,,,,,,,,,,,,,,,,,,,,,,,,,,,,,,,,,,,
dns,2023-11-25T18:59:55.298306Z,,,,,,,,,,,,,,,,,,,,,,,,,,,,,,CdlYzs2lC5RVhHt1ca,192.168.169.1,137,192.168.169.255,137,,,,,,,,,,,,,,,,,,udp,,,,,,,,,,,,,,,,,,,,,,,,,,38304,,MIMI,1,C_INTERNET,32,NB,,,false,false,true,false,1,,,false,,,,,,,,,,,,,,,,,,,,,,,,,,,,,,,,,,,,,,,,,,,,,,,,,,,,,,,,,,,,,,,,,,,,,,,,,,,,,,,,,,,
conn,2023-11-25T18:59:49.254074Z,,,,,,,,,,,,,,,,,,,,,,,,,,,,,,CazCCD403qc38LDXxa,192.168.169.1,65086,239.255.255.250,1900,,,,,,,,,,,,,,,,,,udp,,3.004038s,700,0,S0,,,0,D,4,812,0,0,,,,,,,,,,,,1:3+4yJTb1vExMLz7LnlNPJzcXlFU=,,,,,,,,,,,,,,,,,,,,,,,,,,,,,,,,,,,,,,,,,,,,,,,,,,,,,,,,,,,,,,,,,,,,,,,,,,,,,,,,,,,,,,,,,,,,,,,,,,,,
dns,2023-11-25T18:59:25.644594Z,,,,,,,,,,,,,,,,,,,,,,,,,,,,,,Ca63JnUkHi9r0eN2d,192.168.169.1,137,192.168.169.255,137,,,,,,,,,,,,,,,,,,udp,,,,,,,,,,,,,,,,,,,,,,,,,,38296,,MIMI,1,C_INTERNET,32,NB,,,false,false,true,false,1,,,false,,,,,,,,,,,,,,,,,,,,,,,,,,,,,,,,,,,,,,,,,,,,,,,,,,,,,,,,,,,,,,,,,,,,,,,,,,,,,,,,,,,
dns,2023-11-25T18:59:24.892592Z,,,,,,,,,,,,,,,,,,,,,,,,,,,,,,Ca63JnUkHi9r0eN2d,192.168.169.1,137,192.168.169.255,137,,,,,,,,,,,,,,,,,,udp,,,,,,,,,,,,,,,,,,,,,,,,,,38296,,MIMI,1,C_INTERNET,32,NB,,,false,false,true,false,1,,,false,,,,,,,,,,,,,,,,,,,,,,,,,,,,,,,,,,,,,,,,,,,,,,,,,,,,,,,,,,,,,,,,,,,,,,,,,,,,,,,,,,,
conn,2023-11-25T18:59:24.139743Z,,,,,,,,,,,,,,,,,,,,,,,,,,,,,,Ca63JnUkHi9r0eN2d,192.168.169.1,137,192.168.169.255,137,,,,,,,,,,,,,,,,,,udp,dns,1.504851s,150,0,S0,,,0,D,3,234,0,0,,,,,,,,,,,,1:JuzAHoPbO8pa8tzncfVfbvIQYOs=,,,,,,,,,,,,,,,,,,,,,,,,,,,,,,,,,,,,,,,,,,,,,,,,,,,,,,,,,,,,,,,,,,,,,,,,,,,,,,,,,,,,,,,,,,,,,,,,,,,,
dns,2023-11-25T18:59:24.139743Z,,,,,,,,,,,,,,,,,,,,,,,,,,,,,,Ca63JnUkHi9r0eN2d,192.168.169.1,137,192.168.169.255,137,,,,,,,,,,,,,,,,,,udp,,,,,,,,,,,,,,,,,,,,,,,,,,38296,,MIMI,1,C_INTERNET,32,NB,,,false,false,true,false,1,,,false,,,,,,,,,,,,,,,,,,,,,,,,,,,,,,,,,,,,,,,,,,,,,,,,,,,,,,,,,,,,,,,,,,,,,,,,,,,,,,,,,,,
conn,2023-11-25T18:59:04.449721Z,,,,,,,,,,,,,,,,,,,,,,,,,,,,,,Cm6Uur63Jg2KjaBFa,fe80::8615:1c35:aa8:3f74,135,ff02::1:ff6c:ae6a,136,,,,,,,,,,,,,,,,,,icmp,,,,,OTH,,,0,,1,72,0,0,,,,,,,,,,,,1:Xv8tSW9Z9eKJl3Q3MO4QbmK9qVk=,,,,,,,,,,,,,,,,,,,,,,,,,,,,,,,,,,,,,,,,,,,,,,,,,,,,,,,,,,,,,,,,,,,,,,,,,,,,,,,,,,,,,,,,,,,,,,,,,,,,
conn,2023-11-25T18:58:50.623919Z,,,,,,,,,,,,,,,,,,,,,,,,,,,,,,Cz4Ix528ZcvOXO2Qui,192.168.169.1,60941,239.255.255.250,3702,,,,,,,,,,,,,,,,,,udp,,16.044796s,9184,0,S0,,,0,D,14,9576,0,0,,,,,,,,,,,,1:w9bU4BZ2FlFVvejDOGFocLtBt5s=,,,,,,,,,,,,,,,,,,,,,,,,,,,,,,,,,,,,,,,,,,,,,,,,,,,,,,,,,,,,,,,,,,,,,,,,,,,,,,,,,,,,,,,,,,,,,,,,,,,,
conn,2023-11-25T18:58:50.62265Z,,,,,,,,,,,,,,,,,,,,,,,,,,,,,,CZFokMH3mdxOpj1V,fe80::8615:1c35:aa8:3f74,60942,ff02::c,3702,,,,,,,,,,,,,,,,,,udp,,16.222843s,9184,0,S0,,,0,D,14,9856,0,0,,,,,,,,,,,,1:UcMIjIZs5hM+ODkemreJCRyUehI=,,,,,,,,,,,,,,,,,,,,,,,,,,,,,,,,,,,,,,,,,,,,,,,,,,,,,,,,,,,,,,,,,,,,,,,,,,,,,,,,,,,,,,,,,,,,,,,,,,,,
dns,2023-11-25T18:58:49.264268Z,,,,,,,,,,,,,,,,,,,,,,,,,,,,,,CRdJUx1xSYCZZQ4Tm6,192.168.169.1,137,192.168.169.255,137,,,,,,,,,,,,,,,,,,udp,,,,,,,,,,,,,,,,,,,,,,,,,,38288,,MIMI,1,C_INTERNET,32,NB,,,false,false,true,false,1,,,false,,,,,,,,,,,,,,,,,,,,,,,,,,,,,,,,,,,,,,,,,,,,,,,,,,,,,,,,,,,,,,,,,,,,,,,,,,,,,,,,,,,
dns,2023-11-25T18:58:48.512867Z,,,,,,,,,,,,,,,,,,,,,,,,,,,,,,CRdJUx1xSYCZZQ4Tm6,192.168.169.1,137,192.168.169.255,137,,,,,,,,,,,,,,,,,,udp,,,,,,,,,,,,,,,,,,,,,,,,,,38288,,MIMI,1,C_INTERNET,32,NB,,,false,false,true,false,1,,,false,,,,,,,,,,,,,,,,,,,,,,,,,,,,,,,,,,,,,,,,,,,,,,,,,,,,,,,,,,,,,,,,,,,,,,,,,,,,,,,,,,,
conn,2023-11-25T18:58:47.762931Z,,,,,,,,,,,,,,,,,,,,,,,,,,,,,,CRdJUx1xSYCZZQ4Tm6,192.168.169.1,137,192.168.169.255,137,,,,,,,,,,,,,,,,,,udp,dns,1.501337s,150,0,S0,,,0,D,3,234,0,0,,,,,,,,,,,,1:JuzAHoPbO8pa8tzncfVfbvIQYOs=,,,,,,,,,,,,,,,,,,,,,,,,,,,,,,,,,,,,,,,,,,,,,,,,,,,,,,,,,,,,,,,,,,,,,,,,,,,,,,,,,,,,,,,,,,,,,,,,,,,,
dns,2023-11-25T18:58:47.762931Z,,,,,,,,,,,,,,,,,,,,,,,,,,,,,,CRdJUx1xSYCZZQ4Tm6,192.168.169.1,137,192.168.169.255,137,,,,,,,,,,,,,,,,,,udp,,,,,,,,,,,,,,,,,,,,,,,,,,38288,,MIMI,1,C_INTERNET,32,NB,,,false,false,true,false,1,,,false,,,,,,,,,,,,,,,,,,,,,,,,,,,,,,,,,,,,,,,,,,,,,,,,,,,,,,,,,,,,,,,,,,,,,,,,,,,,,,,,,,,
http,2023-11-25T18:58:39.248713Z,,,,,,,,,,,,,,,,,,,,,,,,,,,,,,CJahiN2k7tFkUKTGC4,192.168.169.130,49478,185.125.190.18,80,1.1,,,,,,,,,,,,,,,,,,,,,,,,,,,,,,,,,,,,,,,,,,,,,,,,,,,,,,,,,,,,,,,,,,,,,,,,,1,GET,connectivity-check.ubuntu.com,/,,,,0,0,204,No Content,,,|[]|,,,,,,,,,,,,,,,,,,,,,,,,,,,,,,,,,,,,,,,,,,,,,,,,,,,,,,,,
conn,2023-11-25T18:58:39.063233Z,,,,,,,,,,,,,,,,,,,,,,,,,,,,,,CJahiN2k7tFkUKTGC4,192.168.169.130,49478,185.125.190.18,80,,,,,,,,,,,,,,,,,,tcp,http,349.411ms,87,189,SF,,,0,ShADadfF,6,347,5,393,,,,,,,GB,,,51.4964,-0.1224,1:cdjirYHfwyIb6QrfrgvVj0bBAbI=,,,,,,,,,,,,,,,,,,,,,,,,,,,,,,,,,,,,,,,,,,,,,,,,,,,,,,,,,,,,,,,,,,,,,,,,,,,,,,,,,,,,,,,,,,,,,,,,,,,,
conn,2023-11-25T18:58:39.051008Z,,,,,,,,,,,,,,,,,,,,,,,,,,,,,,CfZQxq3tc8oFV3PFk9,192.168.169.130,36674,192.168.169.2,53,,,,,,,,,,,,,,,,,,udp,dns,7.156ms,47,191,SF,,,0,Dd,1,75,1,219,,,,,,,,,,,,1:nv2sYesP9GcrV6JEaARKNt5LnPg=,,,,,,,,,,,,,,,,,,,,,,,,,,,,,,,,,,,,,,,,,,,,,,,,,,,,,,,,,,,,,,,,,,,,,,,,,,,,,,,,,,,,,,,,,,,,,,,,,,,,
dns,2023-11-25T18:58:39.051008Z,,,,,,,,,,,,,,,,,,,,,,,,,,,,,,CfZQxq3tc8oFV3PFk9,192.168.169.130,36674,192.168.169.2,53,,,,,,,,,,,,,,,,,,udp,,,,,,,,,,,,,,,,,,,,,,,,,,21078,7.156ms,connectivity-check.ubuntu.com,1,C_INTERNET,1,A,0,NOERROR,false,false,true,true,0,"[""185.125.190.18"",""185.125.190.49"",""35.224.170.84"",""185.125.190.17"",""35.232.111.17"",""91.189.91.49"",""91.189.91.48"",""34.122.121.32"",""185.125.190.48""]","[5s,5s,5s,5s,5s,5s,5s,5s,5s]",false,,,,,,,,,,,,,,,,,,,,,,,,,,,,,,,,,,,,,,,,,,,,,,,,,,,,,,,,,,,,,,,,,,,,,,,,,,,,,,,,,,,
conn,2023-11-25T18:58:23.957186Z,,,,,,,,,,,,,,,,,,,,,,,,,,,,,,CTQ0Dt0p2QZ1cJtW3,fe80::f4a5:6fee:9e5:18f2,133,ff02::2,134,,,,,,,,,,,,,,,,,,icmp,,,,,OTH,,,0,,1,48,0,0,,,,,,,,,,,,1:pHn9BY8IyNlt+h+YLASPubRz/sQ=,,,,,,,,,,,,,,,,,,,,,,,,,,,,,,,,,,,,,,,,,,,,,,,,,,,,,,,,,,,,,,,,,,,,,,,,,,,,,,,,,,,,,,,,,,,,,,,,,,,,
conn,2023-11-25T18:58:16.81779Z,,,,,,,,,,,,,,,,,,,,,,,,,,,,,,CiVFfUGuOVEm4oM9d,192.168.169.136,138,192.168.169.255,138,,,,,,,,,,,,,,,,,,udp,,1.148ms,459,0,S0,,,0,D,2,515,0,0,,,,,,,,,,,,1:9GwwNqd9UqB1px999Pufw9iKIzY=,,,,,,,,,,,,,,,,,,,,,,,,,,,,,,,,,,,,,,,,,,,,,,,,,,,,,,,,,,,,,,,,,,,,,,,,,,,,,,,,,,,,,,,,,,,,,,,,,,,,
conn,2023-11-25T18:58:02.44917Z,,,,,,,,,,,,,,,,,,,,,,,,,,,,,,CHi61Pf0Yrh2EXvae,fe80::8615:1c35:aa8:3f74,135,ff02::1:ff6c:ae6a,136,,,,,,,,,,,,,,,,,,icmp,,999.253ms,48,0,OTH,,,0,,2,144,0,0,,,,,,,,,,,,1:Xv8tSW9Z9eKJl3Q3MO4QbmK9qVk=,,,,,,,,,,,,,,,,,,,,,,,,,,,,,,,,,,,,,,,,,,,,,,,,,,,,,,,,,,,,,,,,,,,,,,,,,,,,,,,,,,,,,,,,,,,,,,,,,,,,
conn,2023-11-25T18:57:49.256312Z,,,,,,,,,,,,,,,,,,,,,,,,,,,,,,CQj0SWznWrPwM8IG2,192.168.169.1,55622,239.255.255.250,1900,,,,,,,,,,,,,,,,,,udp,,3.00983s,700,0,S0,,,0,D,4,812,0,0,,,,,,,,,,,,1:xL2V8+5JZsE7bsvTsWWgpQ/3CF0=,,,,,,,,,,,,,,,,,,,,,,,,,,,,,,,,,,,,,,,,,,,,,,,,,,,,,,,,,,,,,,,,,,,,,,,,,,,,,,,,,,,,,,,,,,,,,,,,,,,,
conn,2023-11-25T18:57:23.311198Z,,,,,,,,,,,,,,,,,,,,,,,,,,,,,,C0yCKbPsBCgj0VCGd,192.168.169.130,5353,224.0.0.251,5353,,,,,,,,,,,,,,,,,,udp,dns,,,,S0,,,0,D,1,73,0,0,,,,,,,,,,,,1:Z006pHwOOd7l48qZ60ybrqgkMZM=,,,,,,,,,,,,,,,,,,,,,,,,,,,,,,,,,,,,,,,,,,,,,,,,,,,,,,,,,,,,,,,,,,,,,,,,,,,,,,,,,,,,,,,,,,,,,,,,,,,,
dns,2023-11-25T18:57:23.311198Z,,,,,,,,,,,,,,,,,,,,,,,,,,,,,,C0yCKbPsBCgj0VCGd,192.168.169.130,5353,224.0.0.251,5353,,,,,,,,,,,,,,,,,,udp,,,,,,,,,,,,,,,,,,,,,,,,,,0,,_ipps._tcp.local,1,C_INTERNET,12,PTR,,,false,false,false,false,0,,,false,,,,,,,,,,,,,,,,,,,,,,,,,,,,,,,,,,,,,,,,,,,,,,,,,,,,,,,,,,,,,,,,,,,,,,,,,,,,,,,,,,,
conn,2023-11-25T18:57:23.310119Z,,,,,,,,,,,,,,,,,,,,,,,,,,,,,,ChWARUcQhEFrZWzDj,fe80::f4a5:6fee:9e5:18f2,5353,ff02::fb,5353,,,,,,,,,,,,,,,,,,udp,dns,,,,S0,,,0,D,1,93,0,0,,,,,,,,,,,,1:fqjLCuWPnN69DLaGdlLLE50kIjI=,,,,,,,,,,,,,,,,,,,,,,,,,,,,,,,,,,,,,,,,,,,,,,,,,,,,,,,,,,,,,,,,,,,,,,,,,,,,,,,,,,,,,,,,,,,,,,,,,,,,
dns,2023-11-25T18:57:23.310119Z,,,,,,,,,,,,,,,,,,,,,,,,,,,,,,ChWARUcQhEFrZWzDj,fe80::f4a5:6fee:9e5:18f2,5353,ff02::fb,5353,,,,,,,,,,,,,,,,,,udp,,,,,,,,,,,,,,,,,,,,,,,,,,0,,_ipps._tcp.local,1,C_INTERNET,12,PTR,,,false,false,false,false,0,,,false,,,,,,,,,,,,,,,,,,,,,,,,,,,,,,,,,,,,,,,,,,,,,,,,,,,,,,,,,,,,,,,,,,,,,,,,,,,,,,,,,,,
ntp,2023-11-25T18:57:17.228825Z,,,,,,,,,,,,,,,,,,,,,,,,,,,,,,C3nmRs1tfu6Lzi1OVa,192.168.169.130,57266,185.125.190.56,123,4,,,,,,,,,,,,,,,,,,,,,,,,,,,,,,,,,,,,,,,,,,,,,,,,,,,,,,,,,,,,,,,,,,,,,,,,,,,,,,,,,,,,,,,,,,,,,,,,,,,,,,,,,,,,,,,,,,,,,,,,,,,,,,,,,,,4,2,1s,0s,1.083ms,1.007ms,194.121.207.249,2023-11-25T18:54:01.60863Z,2023-11-25T18:57:17.01263Z,2023-11-25T18:57:17.22549Z,2023-11-25T18:57:17.225508Z,0
conn,2023-11-25T18:57:16.99011Z,,,,,,,,,,,,,,,,,,,,,,,,,,,,,,C3nmRs1tfu6Lzi1OVa,192.168.169.130,57266,185.125.190.56,123,,,,,,,,,,,,,,,,,,udp,ntp,238.715ms,48,48,SF,,,0,Dd,1,76,1,76,,,,,,,GB,,,51.4964,-0.1224,1:VnsWq1A/qRf8/L0d22SaciK40VY=,,,,,,,,,,,,,,,,,,,,,,,,,,,,,,,,,,,,,,,,,,,,,,,,,,,,,,,,,,,,,,,,,,,,,,,,,,,,,,,,,,,,,,,,,,,,,,,,,,,,
ntp,2023-11-25T18:57:16.99011Z,,,,,,,,,,,,,,,,,,,,,,,,,,,,,,C3nmRs1tfu6Lzi1OVa,192.168.169.130,57266,185.125.190.56,123,4,,,,,,,,,,,,,,,,,,,,,,,,,,,,,,,,,,,,,,,,,,,,,,,,,,,,,,,,,,,,,,,,,,,,,,,,,,,,,,,,,,,,,,,,,,,,,,,,,,,,,,,,,,,,,,,,,,,,,,,,,,,,,,,,,,,3,0,1s,1s,0s,0s,    ,1970-01-01T00:00:00Z,1970-01-01T00:00:00Z,1970-01-01T00:00:00Z,2023-11-25T18:57:17.01263Z,0
dns,2023-11-25T18:57:06.805029Z,,,,,,,,,,,,,,,,,,,,,,,,,,,,,,C7YX2n2Xi6EIQoH1c,192.168.169.1,137,192.168.169.255,137,,,,,,,,,,,,,,,,,,udp,,,,,,,,,,,,,,,,,,,,,,,,,,38280,,MIMI,1,C_INTERNET,32,NB,,,false,false,true,false,1,,,false,,,,,,,,,,,,,,,,,,,,,,,,,,,,,,,,,,,,,,,,,,,,,,,,,,,,,,,,,,,,,,,,,,,,,,,,,,,,,,,,,,,
dns,2023-11-25T18:57:06.054074Z,,,,,,,,,,,,,,,,,,,,,,,,,,,,,,C7YX2n2Xi6EIQoH1c,192.168.169.1,137,192.168.169.255,137,,,,,,,,,,,,,,,,,,udp,,,,,,,,,,,,,,,,,,,,,,,,,,38280,,MIMI,1,C_INTERNET,32,NB,,,false,false,true,false,1,,,false,,,,,,,,,,,,,,,,,,,,,,,,,,,,,,,,,,,,,,,,,,,,,,,,,,,,,,,,,,,,,,,,,,,,,,,,,,,,,,,,,,,
conn,2023-11-25T18:57:05.304056Z,,,,,,,,,,,,,,,,,,,,,,,,,,,,,,C7YX2n2Xi6EIQoH1c,192.168.169.1,137,192.168.169.255,137,,,,,,,,,,,,,,,,,,udp,dns,1.500973s,150,0,S0,,,0,D,3,234,0,0,,,,,,,,,,,,1:JuzAHoPbO8pa8tzncfVfbvIQYOs=,,,,,,,,,,,,,,,,,,,,,,,,,,,,,,,,,,,,,,,,,,,,,,,,,,,,,,,,,,,,,,,,,,,,,,,,,,,,,,,,,,,,,,,,,,,,,,,,,,,,
dns,2023-11-25T18:57:05.304056Z,,,,,,,,,,,,,,,,,,,,,,,,,,,,,,C7YX2n2Xi6EIQoH1c,192.168.169.1,137,192.168.169.255,137,,,,,,,,,,,,,,,,,,udp,,,,,,,,,,,,,,,,,,,,,,,,,,38280,,MIMI,1,C_INTERNET,32,NB,,,false,false,true,false,1,,,false,,,,,,,,,,,,,,,,,,,,,,,,,,,,,,,,,,,,,,,,,,,,,,,,,,,,,,,,,,,,,,,,,,,,,,,,,,,,,,,,,,,
conn,2023-11-25T18:57:01.448665Z,,,,,,,,,,,,,,,,,,,,,,,,,,,,,,CqKqnt3nplYHVtYR9a,fe80::8615:1c35:aa8:3f74,135,ff02::1:ff6c:ae6a,136,,,,,,,,,,,,,,,,,,icmp,,,,,OTH,,,0,,1,72,0,0,,,,,,,,,,,,1:Xv8tSW9Z9eKJl3Q3MO4QbmK9qVk=,,,,,,,,,,,,,,,,,,,,,,,,,,,,,,,,,,,,,,,,,,,,,,,,,,,,,,,,,,,,,,,,,,,,,,,,,,,,,,,,,,,,,,,,,,,,,,,,,,,,
conn,2023-11-25T18:56:45.341869Z,,,,,,,,,,,,,,,,,,,,,,,,,,,,,,Cl43Lf2OtGLfAK8QDi,192.168.169.130,58215,192.168.169.2,53,,,,,,,,,,,,,,,,,,udp,dns,6.572ms,47,215,SF,,,0,Dd,1,75,1,243,,,,,,,,,,,,1:a9I8pKZClvk8OYrBYd0ur98Q3Qs=,,,,,,,,,,,,,,,,,,,,,,,,,,,,,,,,,,,,,,,,,,,,,,,,,,,,,,,,,,,,,,,,,,,,,,,,,,,,,,,,,,,,,,,,,,,,,,,,,,,,
dns,2023-11-25T18:56:45.341869Z,,,,,,,,,,,,,,,,,,,,,,,,,,,,,,Cl43Lf2OtGLfAK8QDi,192.168.169.130,58215,192.168.169.2,53,,,,,,,,,,,,,,,,,,udp,,,,,,,,,,,,,,,,,,,,,,,,,,28078,6.572ms,connectivity-check.ubuntu.com,1,C_INTERNET,28,AAAA,0,NOERROR,false,false,true,true,0,"[""2620:2d:4000:1::2a"",""2620:2d:4000:1::2b"",""2620:2d:4000:1::22"",""2001:67c:1562::23"",""2001:67c:1562::24"",""2620:2d:4000:1::23""]","[5s,5s,5s,5s,5s,5s]",false,,,,,,,,,,,,,,,,,,,,,,,,,,,,,,,,,,,,,,,,,,,,,,,,,,,,,,,,,,,,,,,,,,,,,,,,,,,,,,,,,,,
conn,2023-11-25T18:56:05.545377Z,,,,,,,,,,,,,,,,,,,,,,,,,,,,,,CZTDNg3XTGOz5dCvg8,192.168.169.135,39230,34.107.243.93,443,,,,,,,,,,,,,,,,,,tcp,,3.036ms,28,24,OTH,,,0,^dDa,1,68,2,104,,,,,,,US,MO,Kansas City,39.1028,-94.5778,1:qNfh5Gqll5+WcHqnXjrdD82o7pE=,,,,,,,,,,,,,,,,,,,,,,,,,,,,,,,,,,,,,,,,,,,,,,,,,,,,,,,,,,,,,,,,,,,,,,,,,,,,,,,,,,,,,,,,,,,,,,,,,,,,
ssl,2023-11-25T18:56:01.503693Z,,,,,,,,,,,,,,,,,,,,,,,,,,,,,,CTuLZ04m7ZIGjQVhQ2,192.168.169.135,51838,34.117.237.239,443,TLSv13,TLS_AES_128_GCM_SHA256,x25519,contile.services.mozilla.com,true,,,true,,,,,,,,c279b0189edb9269da7bc43dea5e0c36,2b0648ab686ee45e0e7c35fcfb0eea7e,,,,,,,,,,,,,,,,,,,,,,,,,,,,,,,,,,,,,,,,,,,,,,,,,,,,,,,,,,,,,,,,,,,,,,,,,,,,,,,,,,,,,,,,,,,,,,,,,,,,,,,,,,,,,,,,,,,,,,,,,,,,,,
conn,2023-11-25T18:56:01.472508Z,,,,,,,,,,,,,,,,,,,,,,,,,,,,,,CTuLZ04m7ZIGjQVhQ2,192.168.169.135,51838,34.117.237.239,443,,,,,,,,,,,,,,,,,,tcp,ssl,2m51.130919s,1341,2605,SF,,,0,ShADadFf,20,2161,20,3409,,,,,,,US,MO,Kansas City,39.1028,-94.5778,1:Cz/AlYwU03s9Yq5XyjcCMIQpxBo=,,,,,,,,,,,,,,,,,,,,,,,,,,,,,,,,,,,,,,,,,,,,,,,,,,,,,,,,,,,,,,,,,,,,,,,,,,,,,,,,,,,,,,,,,,,,,,,,,,,,
conn,2023-11-25T18:56:01.459295Z,,,,,,,,,,,,,,,,,,,,,,,,,,,,,,C9NtXR3YuS6f1lF0Gi,192.168.169.135,45507,192.168.169.2,53,,,,,,,,,,,,,,,,,,udp,dns,6.86ms,46,62,SF,,,0,Dd,1,74,1,90,,,,,,,,,,,,1:aZ0XMEP0MARlDUK3q2HstK6Rur8=,,,,,,,,,,,,,,,,,,,,,,,,,,,,,,,,,,,,,,,,,,,,,,,,,,,,,,,,,,,,,,,,,,,,,,,,,,,,,,,,,,,,,,,,,,,,,,,,,,,,
dns,2023-11-25T18:56:01.459295Z,,,,,,,,,,,,,,,,,,,,,,,,,,,,,,C9NtXR3YuS6f1lF0Gi,192.168.169.135,45507,192.168.169.2,53,,,,,,,,,,,,,,,,,,udp,,,,,,,,,,,,,,,,,,,,,,,,,,3952,6.86ms,contile.services.mozilla.com,1,C_INTERNET,1,A,0,NOERROR,false,false,true,true,0,"[""34.117.237.239""]",[5s],false,,,,,,,,,,,,,,,,,,,,,,,,,,,,,,,,,,,,,,,,,,,,,,,,,,,,,,,,,,,,,,,,,,,,,,,,,,,,,,,,,,,
stats,2023-11-25T18:56:00.45021Z,,zeek,,,,0,176,84152,,,,204,204,1,1,1,3,12,7,490,41,0,0,0,0,0,0,0,0,,,,,,,,,,,,,,,,,,,,,,,,,,,,,,,,,,,,,,,,,,,,,,,,,,,,,,,,,,,,,,,,,,,,,,,,,,,,,,,,,,,,,,,,,,,,,,,,,,,,,,,,,,,,,,,,,,,,,,,,,,,,,,,,,,,,,,,,,,,,,,,,,,,,
conn,2023-11-25T18:56:00.45021Z,,,,,,,,,,,,,,,,,,,,,,,,,,,,,,CFSJoz3AYWBxzqaqF6,fe80::8615:1c35:aa8:3f74,135,ff02::1:ff6c:ae6a,136,,,,,,,,,,,,,,,,,,icmp,,,,,OTH,,,0,,1,72,0,0,,,,,,,,,,,,1:Xv8tSW9Z9eKJl3Q3MO4QbmK9qVk=,,,,,,,,,,,,,,,,,,,,,,,,,,,,,,,,,,,,,,,,,,,,,,,,,,,,,,,,,,,,,,,,,,,,,,,,,,,,,,,,,,,,,,,,,,,,,,,,,,,,
conn,2023-11-25T18:55:49.24978Z,,,,,,,,,,,,,,,,,,,,,,,,,,,,,,Cawa9l4klD7xArYowk,192.168.169.1,51317,239.255.255.250,1900,,,,,,,,,,,,,,,,,,udp,,3.008881s,700,0,S0,,,0,D,4,812,0,0,,,,,,,,,,,,1:de30SGZ2FjNhzgyID6jTD/uDvXk=,,,,,,,,,,,,,,,,,,,,,,,,,,,,,,,,,,,,,,,,,,,,,,,,,,,,,,,,,,,,,,,,,,,,,,,,,,,,,,,,,,,,,,,,,,,,,,,,,,,,
conn,2023-11-25T18:54:59.449096Z,,,,,,,,,,,,,,,,,,,,,,,,,,,,,,C01AMr1F2zlc9sXCc,fe80::8615:1c35:aa8:3f74,135,ff02::1:ff6c:ae6a,136,,,,,,,,,,,,,,,,,,icmp,,,,,OTH,,,0,,1,72,0,0,,,,,,,,,,,,1:Xv8tSW9Z9eKJl3Q3MO4QbmK9qVk=,,,,,,,,,,,,,,,,,,,,,,,,,,,,,,,,,,,,,,,,,,,,,,,,,,,,,,,,,,,,,,,,,,,,,,,,,,,,,,,,,,,,,,,,,,,,,,,,,,,,
conn,2023-11-25T18:54:32.016703Z,,,,,,,,,,,,,,,,,,,,,,,,,,,,,,CRwaZB2oXBzSrn9Qsg,fe80::f4a5:6fee:9e5:18f2,1900,ff02::c,1900,,,,,,,,,,,,,,,,,,udp,,2.071987s,6573,0,S0,,,0,D,18,7437,0,0,,,,,,,,,,,,1:qfllzrGKueBMipOw37BKBrg7Iug=,,,,,,,,,,,,,,,,,,,,,,,,,,,,,,,,,,,,,,,,,,,,,,,,,,,,,,,,,,,,,,,,,,,,,,,,,,,,,,,,,,,,,,,,,,,,,,,,,,,,
conn,2023-11-25T18:54:32.015042Z,,,,,,,,,,,,,,,,,,,,,,,,,,,,,,CeGeVy2iixFUlsPoE1,::1,1900,ff05::c,1900,,,,,,,,,,,,,,,,,,udp,,2.073372s,6195,0,S0,,,0,D,18,7059,0,0,,,,,,,,,,,,1:W0iDTDFAXzrLIbP9EesaHI5SzLM=,,,,,,,,,,,,,,,,,,,,,,,,,,,,,,,,,,,,,,,,,,,,,,,,,,,,,,,,,,,,,,,,,,,,,,,,,,,,,,,,,,,,,,,,,,,,,,,,,,,,
conn,2023-11-25T18:54:32.013704Z,,,,,,,,,,,,,,,,,,,,,,,,,,,,,,CIEqGJ112pGNnuGWtb,192.168.169.130,1900,239.255.255.250,1900,,,,,,,,,,,,,,,,,,udp,,2.07418s,6483,0,S0,,,0,D,18,6987,0,0,,,,,,,,,,,,1:zaLswIA/zoWRB2+w6YaqAHZFiwo=,,,,,,,,,,,,,,,,,,,,,,,,,,,,,,,,,,,,,,,,,,,,,,,,,,,,,,,,,,,,,,,,,,,,,,,,,,,,,,,,,,,,,,,,,,,,,,,,,,,,
conn,2023-11-25T18:53:58.449101Z,,,,,,,,,,,,,,,,,,,,,,,,,,,,,,Choask1ht5Z0sAsgpk,fe80::8615:1c35:aa8:3f74,135,ff02::1:ff6c:ae6a,136,,,,,,,,,,,,,,,,,,icmp,,,,,OTH,,,0,,1,72,0,0,,,,,,,,,,,,1:Xv8tSW9Z9eKJl3Q3MO4QbmK9qVk=,,,,,,,,,,,,,,,,,,,,,,,,,,,,,,,,,,,,,,,,,,,,,,,,,,,,,,,,,,,,,,,,,,,,,,,,,,,,,,,,,,,,,,,,,,,,,,,,,,,,
conn,2023-11-25T18:53:49.31103Z,,,,,,,,,,,,,,,,,,,,,,,,,,,,,,CM4fr73sRV1TYE4NP,192.168.169.1,61600,239.255.255.250,1900,,,,,,,,,,,,,,,,,,udp,,3.004632s,700,0,S0,,,0,D,4,812,0,0,,,,,,,,,,,,1:5sS0ScdnSnRA+rNB6snIsWEmKA8=,,,,,,,,,,,,,,,,,,,,,,,,,,,,,,,,,,,,,,,,,,,,,,,,,,,,,,,,,,,,,,,,,,,,,,,,,,,,,,,,,,,,,,,,,,,,,,,,,,,,
http,2023-11-25T18:53:39.421302Z,,,,,,,,,,,,,,,,,,,,,,,,,,,,,,CBu3oq1V8uFw5cw64f,192.168.169.130,57564,34.122.121.32,80,1.1,,,,,,,,,,,,,,,,,,,,,,,,,,,,,,,,,,,,,,,,,,,,,,,,,,,,,,,,,,,,,,,,,,,,,,,,,1,GET,connectivity-check.ubuntu.com,/,,,,0,0,204,No Content,,,|[]|,,,,,,,,,,,,,,,,,,,,,,,,,,,,,,,,,,,,,,,,,,,,,,,,,,,,,,,,
conn,2023-11-25T18:53:39.071828Z,,,,,,,,,,,,,,,,,,,,,,,,,,,,,,CBu3oq1V8uFw5cw64f,192.168.169.130,57564,34.122.121.32,80,,,,,,,,,,,,,,,,,,tcp,http,861.56ms,87,148,SF,,,0,ShADadfF,5,307,5,352,,,,,,,US,IA,Council Bluffs,41.2619,-95.8608,1:MiHISQaFUw4pDPa2j4kC43edKuc=,,,,,,,,,,,,,,,,,,,,,,,,,,,,,,,,,,,,,,,,,,,,,,,,,,,,,,,,,,,,,,,,,,,,,,,,,,,,,,,,,,,,,,,,,,,,,,,,,,,,
conn,2023-11-25T18:53:39.057203Z,,,,,,,,,,,,,,,,,,,,,,,,,,,,,,Cj4fAy1iW0HiqYxC8i,192.168.169.130,60297,192.168.169.2,53,,,,,,,,,,,,,,,,,,udp,dns,9.08ms,47,191,SF,,,0,Dd,1,75,1,219,,,,,,,,,,,,1:B4totDKGG3CDCkJwPHwbZwykRJE=,,,,,,,,,,,,,,,,,,,,,,,,,,,,,,,,,,,,,,,,,,,,,,,,,,,,,,,,,,,,,,,,,,,,,,,,,,,,,,,,,,,,,,,,,,,,,,,,,,,,
dns,2023-11-25T18:53:39.057203Z,,,,,,,,,,,,,,,,,,,,,,,,,,,,,,Cj4fAy1iW0HiqYxC8i,192.168.169.130,60297,192.168.169.2,53,,,,,,,,,,,,,,,,,,udp,,,,,,,,,,,,,,,,,,,,,,,,,,21362,9.08ms,connectivity-check.ubuntu.com,1,C_INTERNET,1,A,0,NOERROR,false,false,true,true,0,"[""34.122.121.32"",""185.125.190.17"",""91.189.91.49"",""91.189.91.48"",""185.125.190.18"",""185.125.190.49"",""185.125.190.48"",""35.224.170.84"",""35.232.111.17""]","[5s,5s,5s,5s,5s,5s,5s,5s,5s]",false,,,,,,,,,,,,,,,,,,,,,,,,,,,,,,,,,,,,,,,,,,,,,,,,,,,,,,,,,,,,,,,,,,,,,,,,,,,,,,,,,,,
conn,2023-11-25T18:53:31.081534Z,,,,,,,,,,,,,,,,,,,,,,,,,,,,,,COzvPLBNbiqVbqVw9,fe80::20c:29ff:fe46:42f4,133,ff02::2,134,,,,,,,,,,,,,,,,,,icmp,,,,,OTH,,,0,,1,48,0,0,,,,,,,,,,,,1:0spy5+qDkCK5pJN+3LI81OTesxM=,,,,,,,,,,,,,,,,,,,,,,,,,,,,,,,,,,,,,,,,,,,,,,,,,,,,,,,,,,,,,,,,,,,,,,,,,,,,,,,,,,,,,,,,,,,,,,,,,,,,
ssl,2023-11-25T18:53:28.025101Z,,,,,,,,,,,,,,,,,,,,,,,,,,,,,,C8SH6B1toH3iNTYrHc,192.168.169.130,51136,185.125.188.54,443,TLSv13,TLS_AES_256_GCM_SHA384,x25519,api.snapcraft.io,true,,,true,,,,,,,,473cd7cb9faa642487833865d516e578,15af977ce25de452b96affa2addb1036,,,,,,,,,,,,,,,,,,,,,,,,,,,,,,,,,,,,,,,,,,,,,,,,,,,,,,,,,,,,,,,,,,,,,,,,,,,,,,,,,,,,,,,,,,,,,,,,,,,,,,,,,,,,,,,,,,,,,,,,,,,,,,
conn,2023-11-25T18:53:27.854334Z,,,,,,,,,,,,,,,,,,,,,,,,,,,,,,C8SH6B1toH3iNTYrHc,192.168.169.130,51136,185.125.188.54,443,,,,,,,,,,,,,,,,,,tcp,ssl,6.250108s,8710,42158,SF,,,0,ShADadfF,20,9530,45,43962,,,,,,,GB,,,51.4964,-0.1224,1:SV0499bFmBxjxJjHl+U3fI0KDF4=,,,,,,,,,,,,,,,,,,,,,,,,,,,,,,,,,,,,,,,,,,,,,,,,,,,,,,,,,,,,,,,,,,,,,,,,,,,,,,,,,,,,,,,,,,,,,,,,,,,,
conn,2023-11-25T18:53:27.625501Z,,,,,,,,,,,,,,,,,,,,,,,,,,,,,,C8tRPr3rlW2HKm4kGg,192.168.169.130,53409,192.168.169.2,53,,,,,,,,,,,,,,,,,,udp,dns,7.955ms,34,98,SF,,,0,Dd,1,62,1,126,,,,,,,,,,,,1:7cZmEoWEd+ydE6ML0dzIr+Nu7Pw=,,,,,,,,,,,,,,,,,,,,,,,,,,,,,,,,,,,,,,,,,,,,,,,,,,,,,,,,,,,,,,,,,,,,,,,,,,,,,,,,,,,,,,,,,,,,,,,,,,,,
dns,2023-11-25T18:53:27.625501Z,,,,,,,,,,,,,,,,,,,,,,,,,,,,,,C8tRPr3rlW2HKm4kGg,192.168.169.130,53409,192.168.169.2,53,,,,,,,,,,,,,,,,,,udp,,,,,,,,,,,,,,,,,,,,,,,,,,21117,,api.snapcraft.io,1,C_INTERNET,28,AAAA,0,NOERROR,false,false,true,false,0,,,false,,,,,,,,,,,,,,,,,,,,,,,,,,,,,,,,,,,,,,,,,,,,,,,,,,,,,,,,,,,,,,,,,,,,,,,,,,,,,,,,,,,
conn,2023-11-25T18:53:27.624146Z,,,,,,,,,,,,,,,,,,,,,,,,,,,,,,Cosz3T1zgSVR5DExbh,192.168.169.130,46943,192.168.169.2,53,,,,,,,,,,,,,,,,,,udp,dns,223.446ms,34,98,SF,,,0,Dd,1,62,1,126,,,,,,,,,,,,1:S7Um6i+QF51EEGY6DiQZEFsdR+U=,,,,,,,,,,,,,,,,,,,,,,,,,,,,,,,,,,,,,,,,,,,,,,,,,,,,,,,,,,,,,,,,,,,,,,,,,,,,,,,,,,,,,,,,,,,,,,,,,,,,
dns,2023-11-25T18:53:27.624146Z,,,,,,,,,,,,,,,,,,,,,,,,,,,,,,Cosz3T1zgSVR5DExbh,192.168.169.130,46943,192.168.169.2,53,,,,,,,,,,,,,,,,,,udp,,,,,,,,,,,,,,,,,,,,,,,,,,33703,223.446ms,api.snapcraft.io,1,C_INTERNET,1,A,0,NOERROR,false,false,true,true,0,"[""185.125.188.54"",""185.125.188.55"",""185.125.188.58"",""185.125.188.59""]","[5s,5s,5s,5s]",false,,,,,,,,,,,,,,,,,,,,,,,,,,,,,,,,,,,,,,,,,,,,,,,,,,,,,,,,,,,,,,,,,,,,,,,,,,,,,,,,,,,
conn,2023-11-25T18:53:15.15249Z,,,,,,,,,,,,,,,,,,,,,,,,,,,,,,C3TA6ZPevfQef03Yh,fe80::f4a5:6fee:9e5:18f2,143,ff02::16,0,,,,,,,,,,,,,,,,,,icmp,,388.309ms,120,0,OTH,,,0,,2,232,0,0,,,,,,,,,,,,1:KLQrGmx5YK9OmSE31T1nbRuLXRs=,,,,,,,,,,,,,,,,,,,,,,,,,,,,,,,,,,,,,,,,,,,,,,,,,,,,,,,,,,,,,,,,,,,,,,,,,,,,,,,,,,,,,,,,,,,,,,,,,,,,
dhcp,2023-11-25T18:53:15.122479Z,,,,,,,,,,,,,,,,,,,,,,,,,,,,,,,,,,,,,,,,,,,,,,,,,,,,,,405us,,,,,,,,,,,,,,,,,,,,,,,,,,,,,,,,,,,,,,,,,"|[""CpvtXz4ygr0oKDS5ul""]|",192.168.169.130,192.168.169.254,00:0c:29:98:c4:93,admininstrator-virtual-machine,,localdomain,,192.168.169.130,30m,,,"[""REQUEST"",""ACK""]",,,,,,,,,,,,,,,,,,,,,,,,,,,,,,,,,,,,,,,,,,,,,,,,,,,,,,,,,,,,,,,,,,,,,,
conn,2023-11-25T18:53:15.122479Z,,,,,,,,,,,,,,,,,,,,,,,,,,,,,,CpvtXz4ygr0oKDS5ul,192.168.169.130,68,192.168.169.254,67,,,,,,,,,,,,,,,,,,udp,dhcp,405us,308,300,SF,,,0,Dd,1,336,1,328,,,,,,,,,,,,1:nRGYkLif8e6mHrG/Q6s18XnuIMg=,,,,,,,,,,,,,,,,,,,,,,,,,,,,,,,,,,,,,,,,,,,,,,,,,,,,,,,,,,,,,,,,,,,,,,,,,,,,,,,,,,,,,,,,,,,,,,,,,,,,
dhcp,2023-11-25T18:52:57.862977Z,,,,,,,,,,,,,,,,,,,,,,,,,,,,,,,,,,,,,,,,,,,,,,,,,,,,,,10.052ms,,,,,,,,,,,,,,,,,,,,,,,,,,,,,,,,,,,,,,,,,"|[""CFcESc4U5Xmm1hd5q8""]|",192.168.169.136,192.168.169.254,00:0c:29:ab:88:8f,,,localdomain,,192.168.169.136,30m,,,"[""REQUEST"",""ACK""]",,,,,,,,,,,,,,,,,,,,,,,,,,,,,,,,,,,,,,,,,,,,,,,,,,,,,,,,,,,,,,,,,,,,,,
conn,2023-11-25T18:52:57.862977Z,,,,,,,,,,,,,,,,,,,,,,,,,,,,,,CFcESc4U5Xmm1hd5q8,192.168.169.136,68,192.168.169.254,67,,,,,,,,,,,,,,,,,,udp,dhcp,10.052ms,300,300,SF,,,0,Dd,1,328,1,328,,,,,,,,,,,,1:Dst/eD4MswUachYQ6vclfiThj+Q=,,,,,,,,,,,,,,,,,,,,,,,,,,,,,,,,,,,,,,,,,,,,,,,,,,,,,,,,,,,,,,,,,,,,,,,,,,,,,,,,,,,,,,,,,,,,,,,,,,,,
conn,2023-11-25T18:52:57.448763Z,,,,,,,,,,,,,,,,,,,,,,,,,,,,,,CYrLOJ263O7zkYFKyd,fe80::8615:1c35:aa8:3f74,135,ff02::1:ff6c:ae6a,136,,,,,,,,,,,,,,,,,,icmp,,,,,OTH,,,0,,1,72,0,0,,,,,,,,,,,,1:Xv8tSW9Z9eKJl3Q3MO4QbmK9qVk=,,,,,,,,,,,,,,,,,,,,,,,,,,,,,,,,,,,,,,,,,,,,,,,,,,,,,,,,,,,,,,,,,,,,,,,,,,,,,,,,,,,,,,,,,,,,,,,,,,,,
conn,2023-11-25T18:51:56.451309Z,,,,,,,,,,,,,,,,,,,,,,,,,,,,,,CDnLOG2Irtj60w5RQk,fe80::8615:1c35:aa8:3f74,135,ff02::1:ff6c:ae6a,136,,,,,,,,,,,,,,,,,,icmp,,,,,OTH,,,0,,1,72,0,0,,,,,,,,,,,,1:Xv8tSW9Z9eKJl3Q3MO4QbmK9qVk=,,,,,,,,,,,,,,,,,,,,,,,,,,,,,,,,,,,,,,,,,,,,,,,,,,,,,,,,,,,,,,,,,,,,,,,,,,,,,,,,,,,,,,,,,,,,,,,,,,,,
conn,2023-11-25T18:51:49.252615Z,,,,,,,,,,,,,,,,,,,,,,,,,,,,,,CFwyPV1Cv8Wgkvn31i,192.168.169.1,50109,239.255.255.250,1900,,,,,,,,,,,,,,,,,,udp,,3.008012s,700,0,S0,,,0,D,4,812,0,0,,,,,,,,,,,,1:gZJwdBWXfzeXHT6eb6A3l4pnRPA=,,,,,,,,,,,,,,,,,,,,,,,,,,,,,,,,,,,,,,,,,,,,,,,,,,,,,,,,,,,,,,,,,,,,,,,,,,,,,,,,,,,,,,,,,,,,,,,,,,,,
conn,2023-11-25T18:51:45.321137Z,,,,,,,,,,,,,,,,,,,,,,,,,,,,,,CgTu683OArp23fTRsa,192.168.169.130,59500,192.168.169.2,53,,,,,,,,,,,,,,,,,,udp,dns,9.203ms,47,215,SF,,,0,Dd,1,75,1,243,,,,,,,,,,,,1:MOUR3ALfkIFaIc5vgNkj2olQo6g=,,,,,,,,,,,,,,,,,,,,,,,,,,,,,,,,,,,,,,,,,,,,,,,,,,,,,,,,,,,,,,,,,,,,,,,,,,,,,,,,,,,,,,,,,,,,,,,,,,,,
dns,2023-11-25T18:51:45.321137Z,,,,,,,,,,,,,,,,,,,,,,,,,,,,,,CgTu683OArp23fTRsa,192.168.169.130,59500,192.168.169.2,53,,,,,,,,,,,,,,,,,,udp,,,,,,,,,,,,,,,,,,,,,,,,,,19280,9.203ms,connectivity-check.ubuntu.com,1,C_INTERNET,28,AAAA,0,NOERROR,false,false,true,true,0,"[""2620:2d:4000:1::22"",""2001:67c:1562::24"",""2620:2d:4000:1::2b"",""2620:2d:4000:1::2a"",""2620:2d:4000:1::23"",""2001:67c:1562::23""]","[5s,5s,5s,5s,5s,5s]",false,,,,,,,,,,,,,,,,,,,,,,,,,,,,,,,,,,,,,,,,,,,,,,,,,,,,,,,,,,,,,,,,,,,,,,,,,,,,,,,,,,,
conn,2023-11-25T18:51:05.104043Z,,,,,,,,,,,,,,,,,,,,,,,,,,,,,,CzcEjq1X6clsG2NE4a,192.168.169.135,39230,34.107.243.93,443,,,,,,,,,,,,,,,,,,tcp,,3.333ms,28,24,OTH,,,0,^dDa,1,68,2,104,,,,,,,US,MO,Kansas City,39.1028,-94.5778,1:qNfh5Gqll5+WcHqnXjrdD82o7pE=,,,,,,,,,,,,,,,,,,,,,,,,,,,,,,,,,,,,,,,,,,,,,,,,,,,,,,,,,,,,,,,,,,,,,,,,,,,,,,,,,,,,,,,,,,,,,,,,,,,,
stats,2023-11-25T18:50:55.449934Z,,zeek,,,,0,1,86,,,,424,12,0,0,1,0,0,1,42,36,0,0,0,0,0,0,0,0,,,,,,,,,,,,,,,,,,,,,,,,,,,,,,,,,,,,,,,,,,,,,,,,,,,,,,,,,,,,,,,,,,,,,,,,,,,,,,,,,,,,,,,,,,,,,,,,,,,,,,,,,,,,,,,,,,,,,,,,,,,,,,,,,,,,,,,,,,,,,,,,,,,,
conn,2023-11-25T18:50:55.449934Z,,,,,,,,,,,,,,,,,,,,,,,,,,,,,,C5iBpr2DDh9n4dwLD5,fe80::8615:1c35:aa8:3f74,135,ff02::1:ff6c:ae6a,136,,,,,,,,,,,,,,,,,,icmp,,,,,OTH,,,0,,1,72,0,0,,,,,,,,,,,,1:Xv8tSW9Z9eKJl3Q3MO4QbmK9qVk=,,,,,,,,,,,,,,,,,,,,,,,,,,,,,,,,,,,,,,,,,,,,,,,,,,,,,,,,,,,,,,,,,,,,,,,,,,,,,,,,,,,,,,,,,,,,,,,,,,,,
